source_path,screen_name,artifact_class,content_group_id,exact_duplicate,primary_path,candidate_routes,route_mapping_basis,prototype_quality,proposed_wave,production_decision,has_title,has_lang,has_main,has_h1,inline_style_count,template_token_count
AboutUs.dc.html,AboutUs,CONCEPT_OR_UNMAPPED,HTML-043,false,AboutUs.dc.html,,FILENAME_AND_CONTENT_INFERENCE,LEGACY_OR_UNVERIFIED_PER_SITE_AUDIT,UNMAPPED,ARCHIVE_OR_ROUTE_MAP_GAP,false,false,false,true,54,14
Activities.dc.html,Activities,ROUTE_SCREEN_OR_STATE,HTML-152,false,Activities.dc.html,/activities,EXPLICIT_PROJECT_COVERAGE,PREMIUM_STANDARD_CLAIMED_BY_SITE_AUDIT,OSLO_WAVE_1_CANDIDATE,REFERENCE_SUPERSEDED_BY_APPROVED_FIGMA,false,false,false,true,96,40
ActivityAnalytics.dc.html,ActivityAnalytics,ROUTE_SCREEN_OR_STATE,HTML-004,false,ActivityAnalytics.dc.html,/app/organizer/analytics,EXPLICIT_PROJECT_COVERAGE,LEGACY_OR_UNVERIFIED_PER_SITE_AUDIT,LATER,REFERENCE_REQUIRES_FIGMA_APPROVAL,false,false,false,false,26,10
ActivityCheckIn.dc.html,ActivityCheckIn,ROUTE_SCREEN_OR_STATE,HTML-096,false,ActivityCheckIn.dc.html,/app/organizer/check-in,FILENAME_AND_CONTENT_INFERENCE,LEGACY_OR_UNVERIFIED_PER_SITE_AUDIT,OSLO_WAVE_1_CANDIDATE,REFERENCE_REQUIRES_FIGMA_APPROVAL,false,false,false,false,21,0
ActivityDetail.dc.html,ActivityDetail,ROUTE_SCREEN_OR_STATE,HTML-045,false,ActivityDetail.dc.html,/activities/[activityId],EXPLICIT_PROJECT_COVERAGE,LEGACY_OR_UNVERIFIED_PER_SITE_AUDIT,OSLO_WAVE_1_CANDIDATE,REFERENCE_SUPERSEDED_BY_APPROVED_FIGMA,false,false,false,true,32,2
ActivityPublished.dc.html,ActivityPublished,ROUTE_SCREEN_OR_STATE,HTML-190,false,ActivityPublished.dc.html,/app/organizer/activities,FILENAME_AND_CONTENT_INFERENCE,LEGACY_OR_UNVERIFIED_PER_SITE_AUDIT,OSLO_WAVE_1_CANDIDATE,REFERENCE_REQUIRES_FIGMA_APPROVAL,false,false,false,false,16,2
ActivityRegistrations.dc.html,ActivityRegistrations,ROUTE_SCREEN_OR_STATE,HTML-123,false,ActivityRegistrations.dc.html,/app/organizer | /app/organizer/registrations,EXPLICIT_PROJECT_COVERAGE,LEGACY_OR_UNVERIFIED_PER_SITE_AUDIT,OSLO_WAVE_1_CANDIDATE,REFERENCE_REQUIRES_FIGMA_APPROVAL,false,false,false,false,20,10
AdminAnalytics.dc.html,AdminAnalytics,ROUTE_SCREEN_OR_STATE,HTML-009,false,AdminAnalytics.dc.html,/admin/analytics,EXPLICIT_PROJECT_COVERAGE,LEGACY_OR_UNVERIFIED_PER_SITE_AUDIT,LATER,REFERENCE_REQUIRES_FIGMA_APPROVAL,false,false,false,false,29,15
AdminAppeals.dc.html,AdminAppeals,ROUTE_SCREEN_OR_STATE,HTML-162,false,AdminAppeals.dc.html,/admin/moderation/appeals,EXPLICIT_PROJECT_COVERAGE,LEGACY_OR_UNVERIFIED_PER_SITE_AUDIT,LATER,REFERENCE_REQUIRES_FIGMA_APPROVAL,false,false,false,false,17,12
AdminAuditLog.dc.html,AdminAuditLog,ROUTE_SCREEN_OR_STATE,HTML-159,false,AdminAuditLog.dc.html,/admin/audit-log,EXPLICIT_PROJECT_COVERAGE,LEGACY_OR_UNVERIFIED_PER_SITE_AUDIT,LATER,REFERENCE_REQUIRES_FIGMA_APPROVAL,false,false,false,false,14,9
AdminDashboard.dc.html,AdminDashboard,ROUTE_SCREEN_OR_STATE,HTML-089,false,AdminDashboard.dc.html,/admin,EXPLICIT_PROJECT_COVERAGE,LEGACY_OR_UNVERIFIED_PER_SITE_AUDIT,LATER,REFERENCE_REQUIRES_FIGMA_APPROVAL,false,false,false,false,27,13
AdminEventAdministration.dc.html,AdminEventAdministration,ROUTE_SCREEN_OR_STATE,HTML-042,false,AdminEventAdministration.dc.html,/admin/events,EXPLICIT_PROJECT_COVERAGE,LEGACY_OR_UNVERIFIED_PER_SITE_AUDIT,LATER,REFERENCE_REQUIRES_FIGMA_APPROVAL,false,false,false,false,22,20
AdminEvents.dc.html,AdminEvents,ROUTE_SCREEN_OR_STATE,HTML-052,false,AdminEvents.dc.html,/admin/events,EXPLICIT_PROJECT_COVERAGE,LEGACY_OR_UNVERIFIED_PER_SITE_AUDIT,LATER,REFERENCE_REQUIRES_FIGMA_APPROVAL,false,false,false,false,17,15
AdminFinanceCommissions.dc.html,AdminFinanceCommissions,ROUTE_SCREEN_OR_STATE,HTML-135,false,AdminFinanceCommissions.dc.html,/admin/finance/commissions,EXPLICIT_PROJECT_COVERAGE,LEGACY_OR_UNVERIFIED_PER_SITE_AUDIT,LATER,REFERENCE_REQUIRES_FIGMA_APPROVAL,false,false,false,false,17,16
AdminFinanceDisputes.dc.html,AdminFinanceDisputes,ROUTE_SCREEN_OR_STATE,HTML-025,false,AdminFinanceDisputes.dc.html,/admin/finance/disputes,EXPLICIT_PROJECT_COVERAGE,LEGACY_OR_UNVERIFIED_PER_SITE_AUDIT,LATER,REFERENCE_REQUIRES_FIGMA_APPROVAL,false,false,false,false,22,20
AdminFinanceInvoices.dc.html,AdminFinanceInvoices,ROUTE_SCREEN_OR_STATE,HTML-158,false,AdminFinanceInvoices.dc.html,/admin/finance/invoices,EXPLICIT_PROJECT_COVERAGE,LEGACY_OR_UNVERIFIED_PER_SITE_AUDIT,LATER,REFERENCE_REQUIRES_FIGMA_APPROVAL,false,false,false,false,18,17
AdminFinanceOverview.dc.html,AdminFinanceOverview,ROUTE_SCREEN_OR_STATE,HTML-059,false,AdminFinanceOverview.dc.html,/admin/finance,EXPLICIT_PROJECT_COVERAGE,LEGACY_OR_UNVERIFIED_PER_SITE_AUDIT,LATER,REFERENCE_REQUIRES_FIGMA_APPROVAL,false,false,false,false,24,12
AdminFinancePayouts.dc.html,AdminFinancePayouts,ROUTE_SCREEN_OR_STATE,HTML-142,false,AdminFinancePayouts.dc.html,/admin/finance/payouts,EXPLICIT_PROJECT_COVERAGE,LEGACY_OR_UNVERIFIED_PER_SITE_AUDIT,LATER,REFERENCE_REQUIRES_FIGMA_APPROVAL,false,false,false,false,21,19
AdminFinanceRefunds.dc.html,AdminFinanceRefunds,ROUTE_SCREEN_OR_STATE,HTML-193,false,AdminFinanceRefunds.dc.html,/admin/finance/refunds,EXPLICIT_PROJECT_COVERAGE,LEGACY_OR_UNVERIFIED_PER_SITE_AUDIT,LATER,REFERENCE_REQUIRES_FIGMA_APPROVAL,false,false,false,false,19,18
AdminListingModeration.dc.html,AdminListingModeration,ROUTE_SCREEN_OR_STATE,HTML-146,false,AdminListingModeration.dc.html,/admin/listings,EXPLICIT_PROJECT_COVERAGE,LEGACY_OR_UNVERIFIED_PER_SITE_AUDIT,LATER,REFERENCE_REQUIRES_FIGMA_APPROVAL,false,false,false,false,15,8
AdminMunicipalityReports.dc.html,AdminMunicipalityReports,ROUTE_SCREEN_OR_STATE,HTML-140,false,AdminMunicipalityReports.dc.html,/app/municipality/reports,EXPLICIT_PROJECT_COVERAGE,LEGACY_OR_UNVERIFIED_PER_SITE_AUDIT,LATER,REFERENCE_REQUIRES_FIGMA_APPROVAL,false,false,false,false,19,8
AdminPrivacyGovernance.dc.html,AdminPrivacyGovernance,ROUTE_SCREEN_OR_STATE,HTML-220,false,AdminPrivacyGovernance.dc.html,/admin/privacy,EXPLICIT_PROJECT_COVERAGE,LEGACY_OR_UNVERIFIED_PER_SITE_AUDIT,LATER,REFERENCE_REQUIRES_FIGMA_APPROVAL,false,false,false,false,33,22
AdminReportsQueue.dc.html,AdminReportsQueue,ROUTE_SCREEN_OR_STATE,HTML-111,false,AdminReportsQueue.dc.html,/admin/reports | /admin/moderation/reports,EXPLICIT_PROJECT_COVERAGE,LEGACY_OR_UNVERIFIED_PER_SITE_AUDIT,LATER,REFERENCE_REQUIRES_FIGMA_APPROVAL,false,false,false,false,17,14
AdminSettings.dc.html,AdminSettings,ROUTE_SCREEN_OR_STATE,HTML-188,false,AdminSettings.dc.html,/admin/settings,EXPLICIT_PROJECT_COVERAGE,LEGACY_OR_UNVERIFIED_PER_SITE_AUDIT,LATER,REFERENCE_REQUIRES_FIGMA_APPROVAL,false,false,false,false,28,9
AdminSidebar.dc.html,AdminSidebar,SHARED_COMPONENT,HTML-148,false,AdminSidebar.dc.html,,COMPONENT_CLASSIFICATION,N_A,UNMAPPED,REFERENCE_COMPONENT_CANDIDATE,false,false,false,false,5,8
AdminSupport.dc.html,AdminSupport,ROUTE_SCREEN_OR_STATE,HTML-018,false,AdminSupport.dc.html,/admin/support,EXPLICIT_PROJECT_COVERAGE,LEGACY_OR_UNVERIFIED_PER_SITE_AUDIT,LATER,REFERENCE_REQUIRES_FIGMA_APPROVAL,false,false,false,false,20,21
AdminSystem.dc.html,AdminSystem,ROUTE_SCREEN_OR_STATE,HTML-224,false,AdminSystem.dc.html,/admin/system,EXPLICIT_PROJECT_COVERAGE,LEGACY_OR_UNVERIFIED_PER_SITE_AUDIT,LATER,REFERENCE_REQUIRES_FIGMA_APPROVAL,false,false,false,false,27,15
AdminUsers.dc.html,AdminUsers,ROUTE_SCREEN_OR_STATE,HTML-005,false,AdminUsers.dc.html,/admin/users,EXPLICIT_PROJECT_COVERAGE,LEGACY_OR_UNVERIFIED_PER_SITE_AUDIT,LATER,REFERENCE_REQUIRES_FIGMA_APPROVAL,false,false,false,false,21,13
AffiliateTracking.dc.html,AffiliateTracking,ROUTE_SCREEN_OR_STATE,HTML-017,false,AffiliateTracking.dc.html,/app/partner/campaigns,EXPLICIT_PROJECT_COVERAGE,LEGACY_OR_UNVERIFIED_PER_SITE_AUDIT,LATER,REFERENCE_REQUIRES_FIGMA_APPROVAL,false,false,false,false,31,10
Albums.dc.html,Albums,ROUTE_SCREEN_OR_STATE,HTML-046,false,Albums.dc.html,/app/community,FILENAME_AND_CONTENT_INFERENCE,LEGACY_OR_UNVERIFIED_PER_SITE_AUDIT,OSLO_WAVE_2_CANDIDATE,REFERENCE_REQUIRES_FIGMA_APPROVAL,false,false,false,false,18,13
ApiConnection.dc.html,ApiConnection,ROUTE_SCREEN_OR_STATE,HTML-155,false,ApiConnection.dc.html,/app/partner/feed,FILENAME_AND_CONTENT_INFERENCE,LEGACY_OR_UNVERIFIED_PER_SITE_AUDIT,LATER,REFERENCE_REQUIRES_FIGMA_APPROVAL,false,false,false,false,23,10
AppHeader.dc.html,AppHeader,SHARED_COMPONENT,HTML-074,false,AppHeader.dc.html,,COMPONENT_CLASSIFICATION,N_A,UNMAPPED,REFERENCE_COMPONENT_CANDIDATE,false,false,false,false,12,6
AttendeeDetail.dc.html,AttendeeDetail,ROUTE_SCREEN_OR_STATE,HTML-055,false,AttendeeDetail.dc.html,/app/organizer/registrations | /app/organizer/check-in,EXPLICIT_PROJECT_COVERAGE,LEGACY_OR_UNVERIFIED_PER_SITE_AUDIT,OSLO_WAVE_1_CANDIDATE,REFERENCE_REQUIRES_FIGMA_APPROVAL,false,false,false,false,24,3
BookAppointment.dc.html,BookAppointment,ROUTE_SCREEN_OR_STATE,HTML-014,false,BookAppointment.dc.html,/app/bookings | /app/expert/bookings,EXPLICIT_PROJECT_COVERAGE,LEGACY_OR_UNVERIFIED_PER_SITE_AUDIT,LATER,REFERENCE_REQUIRES_FIGMA_APPROVAL,false,false,false,false,21,11
BookingCancellation.dc.html,BookingCancellation,ROUTE_SCREEN_OR_STATE,HTML-056,false,BookingCancellation.dc.html,/app/bookings,FILENAME_AND_CONTENT_INFERENCE,LEGACY_OR_UNVERIFIED_PER_SITE_AUDIT,LATER,REFERENCE_REQUIRES_FIGMA_APPROVAL,false,false,false,false,17,5
BookingConfirmation.dc.html,BookingConfirmation,ROUTE_SCREEN_OR_STATE,HTML-205,false,BookingConfirmation.dc.html,/app/bookings,FILENAME_AND_CONTENT_INFERENCE,LEGACY_OR_UNVERIFIED_PER_SITE_AUDIT,LATER,REFERENCE_REQUIRES_FIGMA_APPROVAL,false,false,false,false,18,3
BookingDetails.dc.html,BookingDetails,ROUTE_SCREEN_OR_STATE,HTML-026,false,BookingDetails.dc.html,/app/bookings | /app/expert/bookings,FILENAME_AND_CONTENT_INFERENCE,LEGACY_OR_UNVERIFIED_PER_SITE_AUDIT,LATER,REFERENCE_REQUIRES_FIGMA_APPROVAL,false,false,false,false,18,3
BookingReschedule.dc.html,BookingReschedule,ROUTE_SCREEN_OR_STATE,HTML-050,false,BookingReschedule.dc.html,/app/bookings,FILENAME_AND_CONTENT_INFERENCE,LEGACY_OR_UNVERIFIED_PER_SITE_AUDIT,LATER,REFERENCE_REQUIRES_FIGMA_APPROVAL,false,false,false,false,22,11
BuyerInquiries.dc.html,BuyerInquiries,ROUTE_SCREEN_OR_STATE,HTML-097,false,BuyerInquiries.dc.html,/app/seller/inquiries,EXPLICIT_PROJECT_COVERAGE,LEGACY_OR_UNVERIFIED_PER_SITE_AUDIT,LATER,REFERENCE_REQUIRES_FIGMA_APPROVAL,false,false,false,false,18,15
Calendar.dc.html,Calendar,ROUTE_SCREEN_OR_STATE,HTML-040,false,Calendar.dc.html,/app/calendar,FILENAME_AND_CONTENT_INFERENCE,LEGACY_OR_UNVERIFIED_PER_SITE_AUDIT,OSLO_WAVE_1_CANDIDATE,REFERENCE_REQUIRES_FIGMA_APPROVAL,false,false,false,false,28,19
CancelOrder.dc.html,CancelOrder,ROUTE_SCREEN_OR_STATE,HTML-031,false,CancelOrder.dc.html,/app/orders,FILENAME_AND_CONTENT_INFERENCE,LEGACY_OR_UNVERIFIED_PER_SITE_AUDIT,LATER,REFERENCE_REQUIRES_FIGMA_APPROVAL,false,false,false,false,21,5
Careers.dc.html,Careers,CONCEPT_OR_UNMAPPED,HTML-145,false,Careers.dc.html,,FILENAME_AND_CONTENT_INFERENCE,LEGACY_OR_UNVERIFIED_PER_SITE_AUDIT,UNMAPPED,ARCHIVE_OR_ROUTE_MAP_GAP,false,false,false,true,43,17
Cart.dc.html,Cart,ROUTE_SCREEN_OR_STATE,HTML-151,false,Cart.dc.html,/app/orders,FILENAME_AND_CONTENT_INFERENCE,LEGACY_OR_UNVERIFIED_PER_SITE_AUDIT,LATER,REFERENCE_REQUIRES_FIGMA_APPROVAL,false,false,false,false,39,16
Categories.dc.html,Categories,CONCEPT_OR_UNMAPPED,HTML-106,false,Categories.dc.html,,FILENAME_AND_CONTENT_INFERENCE,LEGACY_OR_UNVERIFIED_PER_SITE_AUDIT,UNMAPPED,ARCHIVE_OR_ROUTE_MAP_GAP,false,false,false,false,12,6
ChooseAccountType.dc.html,ChooseAccountType,ROUTE_SCREEN_OR_STATE,HTML-201,false,ChooseAccountType.dc.html,/onboarding,FILENAME_AND_CONTENT_INFERENCE,LEGACY_OR_UNVERIFIED_PER_SITE_AUDIT,OSLO_WAVE_1_CANDIDATE,REFERENCE_REQUIRES_FIGMA_APPROVAL,false,false,false,false,12,7
Community.dc.html,Community,ROUTE_SCREEN_OR_STATE,HTML-054,false,Community.dc.html,/app/community,EXPLICIT_PROJECT_COVERAGE,LEGACY_OR_UNVERIFIED_PER_SITE_AUDIT,OSLO_WAVE_2_CANDIDATE,REFERENCE_REQUIRES_FIGMA_APPROVAL,false,false,false,true,102,45
CommunityGuidelines.dc.html,CommunityGuidelines,ROUTE_SCREEN_OR_STATE,HTML-191,false,CommunityGuidelines.dc.html,/community-guidelines,EXPLICIT_PROJECT_COVERAGE,LEGACY_OR_UNVERIFIED_PER_SITE_AUDIT,OSLO_WAVE_1_CANDIDATE,REFERENCE_REQUIRES_FIGMA_APPROVAL,false,false,false,true,21,6
ContactUs.dc.html,ContactUs,ROUTE_SCREEN_OR_STATE,HTML-141,false,ContactUs.dc.html,/app/support,EXPLICIT_PROJECT_COVERAGE,LEGACY_OR_UNVERIFIED_PER_SITE_AUDIT,LATER,REFERENCE_REQUIRES_FIGMA_APPROVAL,false,false,false,true,37,6
CookieSettings.dc.html,CookieSettings,ROUTE_SCREEN_OR_STATE,HTML-008,false,CookieSettings.dc.html,/privacy | /app/privacy,FILENAME_AND_CONTENT_INFERENCE,LEGACY_OR_UNVERIFIED_PER_SITE_AUDIT,OSLO_WAVE_1_CANDIDATE,REFERENCE_REQUIRES_FIGMA_APPROVAL,false,false,false,false,16,7
CreateActivityBasicInfo.dc.html,CreateActivityBasicInfo,ROUTE_SCREEN_OR_STATE,HTML-199,false,CreateActivityBasicInfo.dc.html,/app/organizer/activities,FILENAME_AND_CONTENT_INFERENCE,LEGACY_OR_UNVERIFIED_PER_SITE_AUDIT,OSLO_WAVE_1_CANDIDATE,REFERENCE_REQUIRES_FIGMA_APPROVAL,false,false,false,false,36,19
CreateActivityDetails.dc.html,CreateActivityDetails,ROUTE_SCREEN_OR_STATE,HTML-057,false,CreateActivityDetails.dc.html,/app/organizer/activities,FILENAME_AND_CONTENT_INFERENCE,LEGACY_OR_UNVERIFIED_PER_SITE_AUDIT,OSLO_WAVE_1_CANDIDATE,REFERENCE_REQUIRES_FIGMA_APPROVAL,false,false,false,false,29,10
CreateActivityLocation.dc.html,CreateActivityLocation,ROUTE_SCREEN_OR_STATE,HTML-044,false,CreateActivityLocation.dc.html,/app/organizer/activities,FILENAME_AND_CONTENT_INFERENCE,LEGACY_OR_UNVERIFIED_PER_SITE_AUDIT,OSLO_WAVE_1_CANDIDATE,REFERENCE_REQUIRES_FIGMA_APPROVAL,false,false,false,false,32,10
CreateActivityMedia.dc.html,CreateActivityMedia,ROUTE_SCREEN_OR_STATE,HTML-121,false,CreateActivityMedia.dc.html,/app/organizer/activities,FILENAME_AND_CONTENT_INFERENCE,LEGACY_OR_UNVERIFIED_PER_SITE_AUDIT,OSLO_WAVE_1_CANDIDATE,REFERENCE_REQUIRES_FIGMA_APPROVAL,false,false,false,false,20,13
CreateActivityReview.dc.html,CreateActivityReview,ROUTE_SCREEN_OR_STATE,HTML-051,false,CreateActivityReview.dc.html,/app/organizer/activities,FILENAME_AND_CONTENT_INFERENCE,LEGACY_OR_UNVERIFIED_PER_SITE_AUDIT,OSLO_WAVE_1_CANDIDATE,REFERENCE_REQUIRES_FIGMA_APPROVAL,false,false,false,false,21,6
CreateEventBasicInfo.dc.html,CreateEventBasicInfo,ROUTE_SCREEN_OR_STATE,HTML-110,false,CreateEventBasicInfo.dc.html,/app/organizer/events,FILENAME_AND_CONTENT_INFERENCE,LEGACY_OR_UNVERIFIED_PER_SITE_AUDIT,LATER,REFERENCE_REQUIRES_FIGMA_APPROVAL,false,false,false,false,36,19
CreateEventDescription.dc.html,CreateEventDescription,ROUTE_SCREEN_OR_STATE,HTML-202,false,CreateEventDescription.dc.html,/app/organizer/events,FILENAME_AND_CONTENT_INFERENCE,LEGACY_OR_UNVERIFIED_PER_SITE_AUDIT,LATER,REFERENCE_REQUIRES_FIGMA_APPROVAL,false,false,false,false,23,10
CreateEventLocation.dc.html,CreateEventLocation,ROUTE_SCREEN_OR_STATE,HTML-203,false,CreateEventLocation.dc.html,/app/organizer/events,FILENAME_AND_CONTENT_INFERENCE,LEGACY_OR_UNVERIFIED_PER_SITE_AUDIT,LATER,REFERENCE_REQUIRES_FIGMA_APPROVAL,false,false,false,false,32,10
CreateEventOrganizerContact.dc.html,CreateEventOrganizerContact,ROUTE_SCREEN_OR_STATE,HTML-032,false,CreateEventOrganizerContact.dc.html,/app/organizer/events,FILENAME_AND_CONTENT_INFERENCE,LEGACY_OR_UNVERIFIED_PER_SITE_AUDIT,LATER,REFERENCE_REQUIRES_FIGMA_APPROVAL,false,false,false,false,26,10
CreateEventReview.dc.html,CreateEventReview,ROUTE_SCREEN_OR_STATE,HTML-176,false,CreateEventReview.dc.html,/app/organizer/events,FILENAME_AND_CONTENT_INFERENCE,LEGACY_OR_UNVERIFIED_PER_SITE_AUDIT,LATER,REFERENCE_REQUIRES_FIGMA_APPROVAL,false,false,false,false,24,6
CreateEventTickets.dc.html,CreateEventTickets,ROUTE_SCREEN_OR_STATE,HTML-122,false,CreateEventTickets.dc.html,/app/organizer/events,FILENAME_AND_CONTENT_INFERENCE,LEGACY_OR_UNVERIFIED_PER_SITE_AUDIT,LATER,REFERENCE_REQUIRES_FIGMA_APPROVAL,false,false,false,false,29,13
CreateGroupBasicInfo.dc.html,CreateGroupBasicInfo,ROUTE_SCREEN_OR_STATE,HTML-120,false,CreateGroupBasicInfo.dc.html,/app/groups,FILENAME_AND_CONTENT_INFERENCE,LEGACY_OR_UNVERIFIED_PER_SITE_AUDIT,LATER,REFERENCE_REQUIRES_FIGMA_APPROVAL,false,false,false,false,27,19
CreateGroupCoverDetails.dc.html,CreateGroupCoverDetails,ROUTE_SCREEN_OR_STATE,HTML-170,false,CreateGroupCoverDetails.dc.html,/app/groups,FILENAME_AND_CONTENT_INFERENCE,LEGACY_OR_UNVERIFIED_PER_SITE_AUDIT,LATER,REFERENCE_REQUIRES_FIGMA_APPROVAL,false,false,false,false,22,10
CreateGroupInviteMembers.dc.html,CreateGroupInviteMembers,ROUTE_SCREEN_OR_STATE,HTML-132,false,CreateGroupInviteMembers.dc.html,/app/groups,FILENAME_AND_CONTENT_INFERENCE,LEGACY_OR_UNVERIFIED_PER_SITE_AUDIT,LATER,REFERENCE_REQUIRES_FIGMA_APPROVAL,false,false,false,false,26,16
CreateGroupReview.dc.html,CreateGroupReview,ROUTE_SCREEN_OR_STATE,HTML-178,false,CreateGroupReview.dc.html,/app/groups,FILENAME_AND_CONTENT_INFERENCE,LEGACY_OR_UNVERIFIED_PER_SITE_AUDIT,LATER,REFERENCE_REQUIRES_FIGMA_APPROVAL,false,false,false,false,20,6
CreateGroupSettings.dc.html,CreateGroupSettings,ROUTE_SCREEN_OR_STATE,HTML-166,false,CreateGroupSettings.dc.html,/app/groups,FILENAME_AND_CONTENT_INFERENCE,LEGACY_OR_UNVERIFIED_PER_SITE_AUDIT,LATER,REFERENCE_REQUIRES_FIGMA_APPROVAL,false,false,false,false,25,21
CreateListing.dc.html,CreateListing,ROUTE_SCREEN_OR_STATE,HTML-208,false,CreateListing.dc.html,/app/marketplace/listings | /app/seller/listings,FILENAME_AND_CONTENT_INFERENCE,LEGACY_OR_UNVERIFIED_PER_SITE_AUDIT,LATER,REFERENCE_REQUIRES_FIGMA_APPROVAL,false,false,false,false,33,26
CreateListingStep2.dc.html,CreateListingStep2,ROUTE_SCREEN_OR_STATE,HTML-082,false,CreateListingStep2.dc.html,/app/marketplace/listings | /app/seller/listings,FILENAME_AND_CONTENT_INFERENCE,LEGACY_OR_UNVERIFIED_PER_SITE_AUDIT,LATER,REFERENCE_REQUIRES_FIGMA_APPROVAL,false,false,false,false,28,16
CreatePost.dc.html,CreatePost,ROUTE_SCREEN_OR_STATE,HTML-183,false,CreatePost.dc.html,/app/community,FILENAME_AND_CONTENT_INFERENCE,LEGACY_OR_UNVERIFIED_PER_SITE_AUDIT,OSLO_WAVE_2_CANDIDATE,REFERENCE_REQUIRES_FIGMA_APPROVAL,false,false,false,false,16,3
DashboardSidebar.dc.html,DashboardSidebar,SHARED_COMPONENT,HTML-196,false,DashboardSidebar.dc.html,,COMPONENT_CLASSIFICATION,N_A,UNMAPPED,REFERENCE_COMPONENT_CANDIDATE,false,false,false,false,3,8
DeliveryTracking.dc.html,DeliveryTracking,ROUTE_SCREEN_OR_STATE,HTML-022,false,DeliveryTracking.dc.html,/app/orders,FILENAME_AND_CONTENT_INFERENCE,LEGACY_OR_UNVERIFIED_PER_SITE_AUDIT,LATER,REFERENCE_REQUIRES_FIGMA_APPROVAL,false,false,false,false,25,0
DisputeReport.dc.html,DisputeReport,ROUTE_SCREEN_OR_STATE,HTML-027,false,DisputeReport.dc.html,/app/orders | /admin/finance/disputes,FILENAME_AND_CONTENT_INFERENCE,LEGACY_OR_UNVERIFIED_PER_SITE_AUDIT,LATER,REFERENCE_REQUIRES_FIGMA_APPROVAL,false,false,false,false,24,0
EditListing.dc.html,EditListing,ROUTE_SCREEN_OR_STATE,HTML-029,false,EditListing.dc.html,/app/marketplace/listings | /app/seller/listings,FILENAME_AND_CONTENT_INFERENCE,LEGACY_OR_UNVERIFIED_PER_SITE_AUDIT,LATER,REFERENCE_REQUIRES_FIGMA_APPROVAL,false,false,false,false,33,4
EventAnalytics.dc.html,EventAnalytics,ROUTE_SCREEN_OR_STATE,HTML-114,false,EventAnalytics.dc.html,/app/organizer/analytics,EXPLICIT_PROJECT_COVERAGE,LEGACY_OR_UNVERIFIED_PER_SITE_AUDIT,LATER,REFERENCE_REQUIRES_FIGMA_APPROVAL,false,false,false,false,29,15
EventDetails.dc.html,EventDetails,ROUTE_SCREEN_OR_STATE,HTML-164,false,EventDetails.dc.html,/events/[eventId],EXPLICIT_PROJECT_COVERAGE,LEGACY_OR_UNVERIFIED_PER_SITE_AUDIT,OSLO_WAVE_2_CANDIDATE,REFERENCE_REQUIRES_FIGMA_APPROVAL,false,false,false,true,58,12
EventPublished.dc.html,EventPublished,ROUTE_SCREEN_OR_STATE,HTML-006,false,EventPublished.dc.html,/app/organizer/events,FILENAME_AND_CONTENT_INFERENCE,LEGACY_OR_UNVERIFIED_PER_SITE_AUDIT,LATER,REFERENCE_REQUIRES_FIGMA_APPROVAL,false,false,false,false,16,2
EventRegistrations.dc.html,EventRegistrations,ROUTE_SCREEN_OR_STATE,HTML-234,false,EventRegistrations.dc.html,/app/organizer | /app/organizer/registrations,EXPLICIT_PROJECT_COVERAGE,LEGACY_OR_UNVERIFIED_PER_SITE_AUDIT,OSLO_WAVE_1_CANDIDATE,REFERENCE_REQUIRES_FIGMA_APPROVAL,false,false,false,false,21,16
Events Discover.dc.html,Events Discover,ROUTE_SCREEN_OR_STATE,HTML-037,false,Events Discover.dc.html,/events,FILENAME_AND_CONTENT_INFERENCE,LEGACY_OR_UNVERIFIED_PER_SITE_AUDIT,OSLO_WAVE_2_CANDIDATE,REFERENCE_REQUIRES_FIGMA_APPROVAL,false,false,false,true,123,31
Events Grid.dc.html,Events Grid,ROUTE_SCREEN_OR_STATE,HTML-212,false,Events Grid.dc.html,/events,FILENAME_AND_CONTENT_INFERENCE,LEGACY_OR_UNVERIFIED_PER_SITE_AUDIT,OSLO_WAVE_2_CANDIDATE,REFERENCE_REQUIRES_FIGMA_APPROVAL,false,false,false,true,79,23
Events.dc.html,Events,ROUTE_SCREEN_OR_STATE,HTML-020,false,Events.dc.html,/events,EXPLICIT_PROJECT_COVERAGE,LEGACY_OR_UNVERIFIED_PER_SITE_AUDIT,OSLO_WAVE_2_CANDIDATE,REFERENCE_REQUIRES_FIGMA_APPROVAL,false,false,false,true,74,66
ExpertDetail.dc.html,ExpertDetail,ROUTE_SCREEN_OR_STATE,HTML-233,false,ExpertDetail.dc.html,/experts/[expertId],EXPLICIT_PROJECT_COVERAGE,LEGACY_OR_UNVERIFIED_PER_SITE_AUDIT,LATER,REFERENCE_REQUIRES_FIGMA_APPROVAL,false,false,false,false,30,11
FamilyGuideDetail.dc.html,FamilyGuideDetail,ROUTE_SCREEN_OR_STATE,HTML-015,false,FamilyGuideDetail.dc.html,/family-guides/[stage],FILENAME_AND_CONTENT_INFERENCE,LEGACY_OR_UNVERIFIED_PER_SITE_AUDIT,LATER,REFERENCE_REQUIRES_FIGMA_APPROVAL,false,false,false,true,27,4
FamilyMatchDetail.dc.html,FamilyMatchDetail,ROUTE_SCREEN_OR_STATE,HTML-073,false,FamilyMatchDetail.dc.html,/app/connections | /app/matching,EXPLICIT_PROJECT_COVERAGE,LEGACY_OR_UNVERIFIED_PER_SITE_AUDIT,OSLO_WAVE_2_CANDIDATE,REFERENCE_REQUIRES_FIGMA_APPROVAL,false,false,false,false,28,11
FamilyMatching.dc.html,FamilyMatching,ROUTE_SCREEN_OR_STATE,HTML-080,false,FamilyMatching.dc.html,/app/family | /app/connections | /app/matching,EXPLICIT_PROJECT_COVERAGE,LEGACY_OR_UNVERIFIED_PER_SITE_AUDIT,OSLO_WAVE_2_CANDIDATE,REFERENCE_REQUIRES_FIGMA_APPROVAL,false,false,false,false,51,24
FamilyMembers.dc.html,FamilyMembers,ROUTE_SCREEN_OR_STATE,HTML-100,false,FamilyMembers.dc.html,/app/family/members,EXPLICIT_PROJECT_COVERAGE,LEGACY_OR_UNVERIFIED_PER_SITE_AUDIT,OSLO_WAVE_2_CANDIDATE,REFERENCE_REQUIRES_FIGMA_APPROVAL,false,false,false,false,34,15
Feed.dc.html,Feed,ROUTE_SCREEN_OR_STATE,HTML-137,false,Feed.dc.html,/app/community,EXPLICIT_PROJECT_COVERAGE,LEGACY_OR_UNVERIFIED_PER_SITE_AUDIT,OSLO_WAVE_2_CANDIDATE,REFERENCE_REQUIRES_FIGMA_APPROVAL,false,false,false,false,21,18
FeedDiagnostics.dc.html,FeedDiagnostics,ROUTE_SCREEN_OR_STATE,HTML-038,false,FeedDiagnostics.dc.html,/app/partner/feed,FILENAME_AND_CONTENT_INFERENCE,LEGACY_OR_UNVERIFIED_PER_SITE_AUDIT,LATER,REFERENCE_REQUIRES_FIGMA_APPROVAL,false,false,false,false,17,13
Footer.dc.html,Footer,SHARED_COMPONENT,HTML-070,false,Footer.dc.html,,COMPONENT_CLASSIFICATION,N_A,UNMAPPED,REFERENCE_COMPONENT_CANDIDATE,false,false,false,false,40,12
ForgotPassword.dc.html,ForgotPassword,ROUTE_SCREEN_OR_STATE,HTML-090,false,ForgotPassword.dc.html,/forgot-password,EXPLICIT_PROJECT_COVERAGE,LEGACY_OR_UNVERIFIED_PER_SITE_AUDIT,OSLO_WAVE_1_CANDIDATE,REFERENCE_REQUIRES_FIGMA_APPROVAL,false,false,false,true,14,0
GroupCreatedSuccess.dc.html,GroupCreatedSuccess,ROUTE_SCREEN_OR_STATE,HTML-195,false,GroupCreatedSuccess.dc.html,/app/groups,FILENAME_AND_CONTENT_INFERENCE,LEGACY_OR_UNVERIFIED_PER_SITE_AUDIT,LATER,REFERENCE_REQUIRES_FIGMA_APPROVAL,false,false,false,false,15,2
GroupFeed.dc.html,GroupFeed,ROUTE_SCREEN_OR_STATE,HTML-232,false,GroupFeed.dc.html,/app/groups/[groupId],EXPLICIT_PROJECT_COVERAGE,LEGACY_OR_UNVERIFIED_PER_SITE_AUDIT,LATER,REFERENCE_REQUIRES_FIGMA_APPROVAL,false,false,false,false,33,6
GroupMembers.dc.html,GroupMembers,ROUTE_SCREEN_OR_STATE,HTML-010,false,GroupMembers.dc.html,/app/groups/[groupId],FILENAME_AND_CONTENT_INFERENCE,LEGACY_OR_UNVERIFIED_PER_SITE_AUDIT,LATER,REFERENCE_REQUIRES_FIGMA_APPROVAL,false,false,false,false,31,18
GroupSettings.dc.html,GroupSettings,ROUTE_SCREEN_OR_STATE,HTML-211,false,GroupSettings.dc.html,/app/groups/[groupId],FILENAME_AND_CONTENT_INFERENCE,LEGACY_OR_UNVERIFIED_PER_SITE_AUDIT,LATER,REFERENCE_REQUIRES_FIGMA_APPROVAL,false,false,false,false,19,10
Header.dc.html,Header,SHARED_COMPONENT,HTML-225,false,Header.dc.html,,COMPONENT_CLASSIFICATION,N_A,UNMAPPED,REFERENCE_COMPONENT_CANDIDATE,false,false,false,false,25,9
HelpCenter.dc.html,HelpCenter,ROUTE_SCREEN_OR_STATE,HTML-173,false,HelpCenter.dc.html,/app/support,EXPLICIT_PROJECT_COVERAGE,LEGACY_OR_UNVERIFIED_PER_SITE_AUDIT,LATER,REFERENCE_REQUIRES_FIGMA_APPROVAL,false,false,false,true,40,11
Home Hero Options.dc.html,Home Hero Options,CONCEPT_OR_UNMAPPED,HTML-179,false,Home Hero Options.dc.html,,FILENAME_AND_CONTENT_INFERENCE,LEGACY_OR_UNVERIFIED_PER_SITE_AUDIT,UNMAPPED,ARCHIVE_OR_ROUTE_MAP_GAP,false,false,false,false,84,0
Home.dc.html,Home,ROUTE_SCREEN_OR_STATE,HTML-194,false,Home.dc.html,/,EXPLICIT_PROJECT_COVERAGE,PREMIUM_STANDARD_CLAIMED_BY_SITE_AUDIT,OSLO_WAVE_1_CANDIDATE,REFERENCE_SUPERSEDED_BY_APPROVED_FIGMA,false,false,false,true,410,0
Huddle Events.html,Huddle Events,ROUTE_SCREEN_OR_STATE,HTML-177,false,Huddle Events.html,/events,FILENAME_AND_CONTENT_INFERENCE,LEGACY_OR_UNVERIFIED_PER_SITE_AUDIT,OSLO_WAVE_2_CANDIDATE,REFERENCE_REQUIRES_FIGMA_APPROVAL,true,false,false,true,70,52
Icon.dc.html,Icon,SHARED_COMPONENT,HTML-231,false,Icon.dc.html,,COMPONENT_CLASSIFICATION,N_A,UNMAPPED,REFERENCE_COMPONENT_CANDIDATE,false,false,false,false,49,146
ListingPublished.dc.html,ListingPublished,ROUTE_SCREEN_OR_STATE,HTML-077,false,ListingPublished.dc.html,/app/marketplace/listings | /app/seller/listings,FILENAME_AND_CONTENT_INFERENCE,LEGACY_OR_UNVERIFIED_PER_SITE_AUDIT,LATER,REFERENCE_REQUIRES_FIGMA_APPROVAL,false,false,false,false,16,2
ListingReview.dc.html,ListingReview,ROUTE_SCREEN_OR_STATE,HTML-092,false,ListingReview.dc.html,/marketplace/listings/[listingId] | /app/marketplace/listings | /app/seller/listings,EXPLICIT_PROJECT_COVERAGE,LEGACY_OR_UNVERIFIED_PER_SITE_AUDIT,LATER,REFERENCE_REQUIRES_FIGMA_APPROVAL,false,false,false,false,19,6
Login.dc.html,Login,ROUTE_SCREEN_OR_STATE,HTML-115,false,Login.dc.html,/login,EXPLICIT_PROJECT_COVERAGE,LEGACY_OR_UNVERIFIED_PER_SITE_AUDIT,OSLO_WAVE_1_CANDIDATE,REFERENCE_REQUIRES_FIGMA_APPROVAL,false,false,false,false,25,0
MarkAsSold.dc.html,MarkAsSold,ROUTE_SCREEN_OR_STATE,HTML-021,false,MarkAsSold.dc.html,/app/seller/listings,FILENAME_AND_CONTENT_INFERENCE,LEGACY_OR_UNVERIFIED_PER_SITE_AUDIT,LATER,REFERENCE_REQUIRES_FIGMA_APPROVAL,false,false,false,false,19,0
Marketplace.dc.html,Marketplace,ROUTE_SCREEN_OR_STATE,HTML-124,false,Marketplace.dc.html,/marketplace,EXPLICIT_PROJECT_COVERAGE,PREMIUM_STANDARD_CLAIMED_BY_SITE_AUDIT,LATER,REFERENCE_REQUIRES_FIGMA_APPROVAL,false,false,false,true,82,30
Messages.dc.html,Messages,ROUTE_SCREEN_OR_STATE,HTML-030,false,Messages.dc.html,/app/messages | /app/messages/[conversationId],EXPLICIT_PROJECT_COVERAGE,LEGACY_OR_UNVERIFIED_PER_SITE_AUDIT,OSLO_WAVE_2_CANDIDATE,REFERENCE_REQUIRES_FIGMA_APPROVAL,false,false,false,false,33,17
ModerateReport.dc.html,ModerateReport,ROUTE_SCREEN_OR_STATE,HTML-130,false,ModerateReport.dc.html,/admin/moderation,EXPLICIT_PROJECT_COVERAGE,LEGACY_OR_UNVERIFIED_PER_SITE_AUDIT,LATER,REFERENCE_REQUIRES_FIGMA_APPROVAL,false,false,false,false,27,0
Municipality.dc.html,Municipality,ROUTE_SCREEN_OR_STATE,HTML-150,false,Municipality.dc.html,/app/municipality,EXPLICIT_PROJECT_COVERAGE,LEGACY_OR_UNVERIFIED_PER_SITE_AUDIT,LATER,REFERENCE_REQUIRES_FIGMA_APPROVAL,false,false,false,true,78,34
MunicipalityDetail.dc.html,MunicipalityDetail,ROUTE_SCREEN_OR_STATE,HTML-118,false,MunicipalityDetail.dc.html,/app/municipality/programs,EXPLICIT_PROJECT_COVERAGE,LEGACY_OR_UNVERIFIED_PER_SITE_AUDIT,LATER,REFERENCE_REQUIRES_FIGMA_APPROVAL,false,false,false,false,31,9
MunicipalityGovernance.dc.html,MunicipalityGovernance,ROUTE_SCREEN_OR_STATE,HTML-117,false,MunicipalityGovernance.dc.html,/app/municipality/governance,EXPLICIT_PROJECT_COVERAGE,LEGACY_OR_UNVERIFIED_PER_SITE_AUDIT,LATER,REFERENCE_REQUIRES_FIGMA_APPROVAL,false,false,false,false,46,13
MyActivitiesList.dc.html,MyActivitiesList,ROUTE_SCREEN_OR_STATE,HTML-076,false,MyActivitiesList.dc.html,/app/activities | /app/organizer/activities,EXPLICIT_PROJECT_COVERAGE,LEGACY_OR_UNVERIFIED_PER_SITE_AUDIT,OSLO_WAVE_1_CANDIDATE,REFERENCE_REQUIRES_FIGMA_APPROVAL,false,false,false,false,22,14
MyBookings.dc.html,MyBookings,ROUTE_SCREEN_OR_STATE,HTML-214,false,MyBookings.dc.html,/app/bookings,EXPLICIT_PROJECT_COVERAGE,LEGACY_OR_UNVERIFIED_PER_SITE_AUDIT,LATER,REFERENCE_REQUIRES_FIGMA_APPROVAL,false,false,false,false,18,17
MyEventsList.dc.html,MyEventsList,ROUTE_SCREEN_OR_STATE,HTML-036,false,MyEventsList.dc.html,/app/events | /app/organizer/events,EXPLICIT_PROJECT_COVERAGE,LEGACY_OR_UNVERIFIED_PER_SITE_AUDIT,OSLO_WAVE_2_CANDIDATE,REFERENCE_REQUIRES_FIGMA_APPROVAL,false,false,false,false,22,16
MyGroupsList.dc.html,MyGroupsList,ROUTE_SCREEN_OR_STATE,HTML-160,false,MyGroupsList.dc.html,/app/groups,EXPLICIT_PROJECT_COVERAGE,LEGACY_OR_UNVERIFIED_PER_SITE_AUDIT,LATER,REFERENCE_REQUIRES_FIGMA_APPROVAL,false,false,false,false,20,16
MyListings.dc.html,MyListings,ROUTE_SCREEN_OR_STATE,HTML-165,false,MyListings.dc.html,/app/marketplace/listings | /app/seller | /app/seller/listings | /app/marketplace,EXPLICIT_PROJECT_COVERAGE,LEGACY_OR_UNVERIFIED_PER_SITE_AUDIT,LATER,REFERENCE_REQUIRES_FIGMA_APPROVAL,false,false,false,false,27,19
MyTicketQR.dc.html,MyTicketQR,ROUTE_SCREEN_OR_STATE,HTML-125,false,MyTicketQR.dc.html,/app/events | /app/organizer/check-in,FILENAME_AND_CONTENT_INFERENCE,LEGACY_OR_UNVERIFIED_PER_SITE_AUDIT,OSLO_WAVE_1_CANDIDATE,REFERENCE_REQUIRES_FIGMA_APPROVAL,false,false,false,false,20,3
Notifications.dc.html,Notifications,ROUTE_SCREEN_OR_STATE,HTML-228,false,Notifications.dc.html,/app/notifications,EXPLICIT_PROJECT_COVERAGE,LEGACY_OR_UNVERIFIED_PER_SITE_AUDIT,OSLO_WAVE_2_CANDIDATE,REFERENCE_REQUIRES_FIGMA_APPROVAL,false,false,false,false,22,12
Onboarding.dc.html,Onboarding,ROUTE_SCREEN_OR_STATE,HTML-028,false,Onboarding.dc.html,/onboarding | /onboarding/family | /onboarding/children | /onboarding/interests | /onboarding/location | /onboarding/consent,EXPLICIT_PROJECT_COVERAGE,LEGACY_OR_UNVERIFIED_PER_SITE_AUDIT,OSLO_WAVE_1_CANDIDATE,REFERENCE_REQUIRES_FIGMA_APPROVAL,false,false,false,false,48,40
OrderConfirmation.dc.html,OrderConfirmation,ROUTE_SCREEN_OR_STATE,HTML-229,false,OrderConfirmation.dc.html,/app/orders,FILENAME_AND_CONTENT_INFERENCE,LEGACY_OR_UNVERIFIED_PER_SITE_AUDIT,LATER,REFERENCE_REQUIRES_FIGMA_APPROVAL,false,false,false,false,29,7
OrderTracking.dc.html,OrderTracking,ROUTE_SCREEN_OR_STATE,HTML-033,false,OrderTracking.dc.html,/app/orders,EXPLICIT_PROJECT_COVERAGE,LEGACY_OR_UNVERIFIED_PER_SITE_AUDIT,LATER,REFERENCE_REQUIRES_FIGMA_APPROVAL,false,false,false,false,30,9
OrganizerCheckInList.dc.html,OrganizerCheckInList,ROUTE_SCREEN_OR_STATE,HTML-218,false,OrganizerCheckInList.dc.html,/app/organizer/check-in,EXPLICIT_PROJECT_COVERAGE,LEGACY_OR_UNVERIFIED_PER_SITE_AUDIT,OSLO_WAVE_1_CANDIDATE,REFERENCE_REQUIRES_FIGMA_APPROVAL,false,false,false,false,33,10
ParentDashboard.dc.html,ParentDashboard,ROUTE_SCREEN_OR_STATE,HTML-187,false,ParentDashboard.dc.html,/app,EXPLICIT_PROJECT_COVERAGE,LEGACY_OR_UNVERIFIED_PER_SITE_AUDIT,OSLO_WAVE_1_CANDIDATE,REFERENCE_REQUIRES_FIGMA_APPROVAL,false,false,false,false,47,25
PartnerAgreement.dc.html,PartnerAgreement,ROUTE_SCREEN_OR_STATE,HTML-064,false,PartnerAgreement.dc.html,/app/partner/billing,EXPLICIT_PROJECT_COVERAGE,LEGACY_OR_UNVERIFIED_PER_SITE_AUDIT,LATER,REFERENCE_REQUIRES_FIGMA_APPROVAL,false,false,false,false,26,3
PartnerApplication.dc.html,PartnerApplication,ROUTE_SCREEN_OR_STATE,HTML-175,false,PartnerApplication.dc.html,/app/partner,FILENAME_AND_CONTENT_INFERENCE,LEGACY_OR_UNVERIFIED_PER_SITE_AUDIT,LATER,REFERENCE_REQUIRES_FIGMA_APPROVAL,false,false,false,false,22,0
PartnerOverview.dc.html,PartnerOverview,ROUTE_SCREEN_OR_STATE,HTML-041,false,PartnerOverview.dc.html,/app/partner,EXPLICIT_PROJECT_COVERAGE,LEGACY_OR_UNVERIFIED_PER_SITE_AUDIT,LATER,REFERENCE_REQUIRES_FIGMA_APPROVAL,false,false,false,false,18,5
PartnerSidebar.dc.html,PartnerSidebar,SHARED_COMPONENT,HTML-103,false,PartnerSidebar.dc.html,,COMPONENT_CLASSIFICATION,N_A,UNMAPPED,REFERENCE_COMPONENT_CANDIDATE,false,false,false,false,3,8
PartnerStoresLanding.dc.html,PartnerStoresLanding,ROUTE_SCREEN_OR_STATE,HTML-066,false,PartnerStoresLanding.dc.html,/app/partner,FILENAME_AND_CONTENT_INFERENCE,LEGACY_OR_UNVERIFIED_PER_SITE_AUDIT,LATER,REFERENCE_REQUIRES_FIGMA_APPROVAL,false,false,false,true,71,28
PickupScheduling.dc.html,PickupScheduling,ROUTE_SCREEN_OR_STATE,HTML-081,false,PickupScheduling.dc.html,/app/orders | /app/seller/orders,FILENAME_AND_CONTENT_INFERENCE,LEGACY_OR_UNVERIFIED_PER_SITE_AUDIT,LATER,REFERENCE_REQUIRES_FIGMA_APPROVAL,false,false,false,false,25,9
PostDetails.dc.html,PostDetails,ROUTE_SCREEN_OR_STATE,HTML-102,false,PostDetails.dc.html,/app/community,FILENAME_AND_CONTENT_INFERENCE,LEGACY_OR_UNVERIFIED_PER_SITE_AUDIT,OSLO_WAVE_2_CANDIDATE,REFERENCE_REQUIRES_FIGMA_APPROVAL,false,false,false,false,27,12
PostSettings.dc.html,PostSettings,ROUTE_SCREEN_OR_STATE,HTML-109,false,PostSettings.dc.html,/app/community,FILENAME_AND_CONTENT_INFERENCE,LEGACY_OR_UNVERIFIED_PER_SITE_AUDIT,OSLO_WAVE_2_CANDIDATE,REFERENCE_REQUIRES_FIGMA_APPROVAL,false,false,false,false,12,12
ProductApproval.dc.html,ProductApproval,ROUTE_SCREEN_OR_STATE,HTML-065,false,ProductApproval.dc.html,/admin/approvals,EXPLICIT_PROJECT_COVERAGE,LEGACY_OR_UNVERIFIED_PER_SITE_AUDIT,LATER,REFERENCE_REQUIRES_FIGMA_APPROVAL,false,false,false,false,20,12
ProductDetail.dc.html,ProductDetail,ROUTE_SCREEN_OR_STATE,HTML-156,false,ProductDetail.dc.html,/marketplace/products/[productId],EXPLICIT_PROJECT_COVERAGE,LEGACY_OR_UNVERIFIED_PER_SITE_AUDIT,LATER,REFERENCE_REQUIRES_FIGMA_APPROVAL,false,false,false,false,33,11
ProductFeedSetup.dc.html,ProductFeedSetup,ROUTE_SCREEN_OR_STATE,HTML-157,false,ProductFeedSetup.dc.html,/app/partner/feed,EXPLICIT_PROJECT_COVERAGE,LEGACY_OR_UNVERIFIED_PER_SITE_AUDIT,LATER,REFERENCE_REQUIRES_FIGMA_APPROVAL,false,false,false,false,20,18
ProjectCoverage.dc.html,ProjectCoverage,AUDIT_META,HTML-079,false,ProjectCoverage.dc.html,,FILENAME_AND_CONTENT_INFERENCE,N_A,UNMAPPED,ARCHIVE_AUDIT_SOURCE,false,false,false,true,51,21
PromoteListing.dc.html,PromoteListing,ROUTE_SCREEN_OR_STATE,HTML-071,false,PromoteListing.dc.html,/app/seller/listings,FILENAME_AND_CONTENT_INFERENCE,LEGACY_OR_UNVERIFIED_PER_SITE_AUDIT,LATER,REFERENCE_REQUIRES_FIGMA_APPROVAL,false,false,false,false,22,9
QRCheckInScanner.dc.html,QRCheckInScanner,ROUTE_SCREEN_OR_STATE,HTML-149,false,QRCheckInScanner.dc.html,/app/organizer/check-in,EXPLICIT_PROJECT_COVERAGE,LEGACY_OR_UNVERIFIED_PER_SITE_AUDIT,OSLO_WAVE_1_CANDIDATE,REFERENCE_REQUIRES_FIGMA_APPROVAL,false,false,false,false,23,0
RenewListing.dc.html,RenewListing,ROUTE_SCREEN_OR_STATE,HTML-210,false,RenewListing.dc.html,/app/seller/listings,FILENAME_AND_CONTENT_INFERENCE,LEGACY_OR_UNVERIFIED_PER_SITE_AUDIT,LATER,REFERENCE_REQUIRES_FIGMA_APPROVAL,false,false,false,false,22,0
ReturnRefundRequest.dc.html,ReturnRefundRequest,ROUTE_SCREEN_OR_STATE,HTML-048,false,ReturnRefundRequest.dc.html,/app/orders,FILENAME_AND_CONTENT_INFERENCE,LEGACY_OR_UNVERIFIED_PER_SITE_AUDIT,LATER,REFERENCE_REQUIRES_FIGMA_APPROVAL,false,false,false,false,27,0
Returns.dc.html,Returns,ROUTE_SCREEN_OR_STATE,HTML-204,false,Returns.dc.html,/app/orders,FILENAME_AND_CONTENT_INFERENCE,LEGACY_OR_UNVERIFIED_PER_SITE_AUDIT,LATER,REFERENCE_REQUIRES_FIGMA_APPROVAL,false,false,false,false,16,7
SafetyPrivacy.dc.html,SafetyPrivacy,ROUTE_SCREEN_OR_STATE,HTML-002,false,SafetyPrivacy.dc.html,/safety | /privacy | /app/safety | /app/privacy,EXPLICIT_PROJECT_COVERAGE,LEGACY_OR_UNVERIFIED_PER_SITE_AUDIT,OSLO_WAVE_1_CANDIDATE,REFERENCE_REQUIRES_FIGMA_APPROVAL,false,false,false,false,62,33
SavedItems.dc.html,SavedItems,ROUTE_SCREEN_OR_STATE,HTML-133,false,SavedItems.dc.html,/app/saved,EXPLICIT_PROJECT_COVERAGE,LEGACY_OR_UNVERIFIED_PER_SITE_AUDIT,OSLO_WAVE_1_CANDIDATE,REFERENCE_REQUIRES_FIGMA_APPROVAL,false,false,false,false,19,13
SavedPosts.dc.html,SavedPosts,ROUTE_SCREEN_OR_STATE,HTML-086,false,SavedPosts.dc.html,/app/saved | /app/community,FILENAME_AND_CONTENT_INFERENCE,LEGACY_OR_UNVERIFIED_PER_SITE_AUDIT,OSLO_WAVE_1_CANDIDATE,REFERENCE_REQUIRES_FIGMA_APPROVAL,false,false,false,false,13,4
SearchResults.dc.html,SearchResults,ROUTE_SCREEN_OR_STATE,HTML-119,false,SearchResults.dc.html,/app/search,EXPLICIT_PROJECT_COVERAGE,LEGACY_OR_UNVERIFIED_PER_SITE_AUDIT,OSLO_WAVE_1_CANDIDATE,REFERENCE_REQUIRES_FIGMA_APPROVAL,false,false,false,false,23,16
SeasonalGuideDetail.dc.html,SeasonalGuideDetail,ROUTE_SCREEN_OR_STATE,HTML-172,false,SeasonalGuideDetail.dc.html,/seasonal-guides/[slug],FILENAME_AND_CONTENT_INFERENCE,LEGACY_OR_UNVERIFIED_PER_SITE_AUDIT,LATER,REFERENCE_REQUIRES_FIGMA_APPROVAL,false,false,false,true,19,7
SellerPickupConfirmation.dc.html,SellerPickupConfirmation,ROUTE_SCREEN_OR_STATE,HTML-136,false,SellerPickupConfirmation.dc.html,/app/seller/orders,FILENAME_AND_CONTENT_INFERENCE,LEGACY_OR_UNVERIFIED_PER_SITE_AUDIT,LATER,REFERENCE_REQUIRES_FIGMA_APPROVAL,false,false,false,false,28,0
SellerRatings.dc.html,SellerRatings,ROUTE_SCREEN_OR_STATE,HTML-003,false,SellerRatings.dc.html,/app/seller,FILENAME_AND_CONTENT_INFERENCE,LEGACY_OR_UNVERIFIED_PER_SITE_AUDIT,LATER,REFERENCE_REQUIRES_FIGMA_APPROVAL,false,false,false,false,27,8
SellerReservationDetail.dc.html,SellerReservationDetail,ROUTE_SCREEN_OR_STATE,HTML-088,false,SellerReservationDetail.dc.html,/app/seller/orders,EXPLICIT_PROJECT_COVERAGE,LEGACY_OR_UNVERIFIED_PER_SITE_AUDIT,LATER,REFERENCE_REQUIRES_FIGMA_APPROVAL,false,false,false,false,26,3
ServiceCategories.dc.html,ServiceCategories,ROUTE_SCREEN_OR_STATE,HTML-129,false,ServiceCategories.dc.html,/services,FILENAME_AND_CONTENT_INFERENCE,LEGACY_OR_UNVERIFIED_PER_SITE_AUDIT,LATER,REFERENCE_REQUIRES_FIGMA_APPROVAL,false,false,false,false,10,4
ServiceDetails.dc.html,ServiceDetails,ROUTE_SCREEN_OR_STATE,HTML-053,false,ServiceDetails.dc.html,/services/[serviceId],EXPLICIT_PROJECT_COVERAGE,LEGACY_OR_UNVERIFIED_PER_SITE_AUDIT,LATER,REFERENCE_REQUIRES_FIGMA_APPROVAL,false,false,false,false,39,12
ServiceListings.dc.html,ServiceListings,ROUTE_SCREEN_OR_STATE,HTML-098,false,ServiceListings.dc.html,/app/services | /services,EXPLICIT_PROJECT_COVERAGE,LEGACY_OR_UNVERIFIED_PER_SITE_AUDIT,LATER,REFERENCE_REQUIRES_FIGMA_APPROVAL,false,false,false,false,16,16
Services.dc.html,Services,ROUTE_SCREEN_OR_STATE,HTML-107,false,Services.dc.html,/services,EXPLICIT_PROJECT_COVERAGE,LEGACY_OR_UNVERIFIED_PER_SITE_AUDIT,LATER,REFERENCE_REQUIRES_FIGMA_APPROVAL,false,false,false,false,48,23
ServicesHome.dc.html,ServicesHome,ROUTE_SCREEN_OR_STATE,HTML-011,false,ServicesHome.dc.html,/services,EXPLICIT_PROJECT_COVERAGE,LEGACY_OR_UNVERIFIED_PER_SITE_AUDIT,LATER,REFERENCE_REQUIRES_FIGMA_APPROVAL,false,false,false,false,74,34
Settings.dc.html,Settings,ROUTE_SCREEN_OR_STATE,HTML-154,false,Settings.dc.html,/app/settings,EXPLICIT_PROJECT_COVERAGE,LEGACY_OR_UNVERIFIED_PER_SITE_AUDIT,LATER,REFERENCE_REQUIRES_FIGMA_APPROVAL,false,false,false,false,31,12
ShippingDelivery.dc.html,ShippingDelivery,ROUTE_SCREEN_OR_STATE,HTML-206,false,ShippingDelivery.dc.html,/app/orders,FILENAME_AND_CONTENT_INFERENCE,LEGACY_OR_UNVERIFIED_PER_SITE_AUDIT,LATER,REFERENCE_REQUIRES_FIGMA_APPROVAL,false,false,false,false,12,7
SignUp.dc.html,SignUp,ROUTE_SCREEN_OR_STATE,HTML-169,false,SignUp.dc.html,/signup,EXPLICIT_PROJECT_COVERAGE,LEGACY_OR_UNVERIFIED_PER_SITE_AUDIT,OSLO_WAVE_1_CANDIDATE,REFERENCE_REQUIRES_FIGMA_APPROVAL,false,false,false,false,20,0
SiteAudit.dc.html,SiteAudit,AUDIT_META,HTML-095,false,SiteAudit.dc.html,,FILENAME_AND_CONTENT_INFERENCE,N_A,UNMAPPED,ARCHIVE_AUDIT_SOURCE,false,false,false,true,45,19
SiteFooter.dc.html,SiteFooter,SHARED_COMPONENT,HTML-016,false,SiteFooter.dc.html,,COMPONENT_CLASSIFICATION,N_A,UNMAPPED,REFERENCE_COMPONENT_CANDIDATE,false,false,false,false,49,10
SiteHeader.dc.html,SiteHeader,SHARED_COMPONENT,HTML-225,true,Header.dc.html,,COMPONENT_CLASSIFICATION,N_A,UNMAPPED,DUPLICATE_RETAIN_FOR_TRACEABILITY,false,false,false,false,25,9
StoreProfileSetup.dc.html,StoreProfileSetup,ROUTE_SCREEN_OR_STATE,HTML-189,false,StoreProfileSetup.dc.html,/app/partner/store,EXPLICIT_PROJECT_COVERAGE,LEGACY_OR_UNVERIFIED_PER_SITE_AUDIT,LATER,REFERENCE_REQUIRES_FIGMA_APPROVAL,false,false,false,false,23,10
StoreVerification.dc.html,StoreVerification,ROUTE_SCREEN_OR_STATE,HTML-039,false,StoreVerification.dc.html,/app/partner/store,FILENAME_AND_CONTENT_INFERENCE,LEGACY_OR_UNVERIFIED_PER_SITE_AUDIT,LATER,REFERENCE_REQUIRES_FIGMA_APPROVAL,false,false,false,false,22,10
TermsConditions.dc.html,TermsConditions,ROUTE_SCREEN_OR_STATE,HTML-093,false,TermsConditions.dc.html,/terms,EXPLICIT_PROJECT_COVERAGE,LEGACY_OR_UNVERIFIED_PER_SITE_AUDIT,LATER,REFERENCE_REQUIRES_FIGMA_APPROVAL,false,false,false,false,12,3
TicketConfirmation.dc.html,TicketConfirmation,ROUTE_SCREEN_OR_STATE,HTML-184,false,TicketConfirmation.dc.html,/app/events,FILENAME_AND_CONTENT_INFERENCE,LEGACY_OR_UNVERIFIED_PER_SITE_AUDIT,OSLO_WAVE_2_CANDIDATE,REFERENCE_REQUIRES_FIGMA_APPROVAL,false,false,false,false,23,0
UploadFeed.dc.html,UploadFeed,ROUTE_SCREEN_OR_STATE,HTML-174,false,UploadFeed.dc.html,/app/partner/feed,FILENAME_AND_CONTENT_INFERENCE,LEGACY_OR_UNVERIFIED_PER_SITE_AUDIT,LATER,REFERENCE_REQUIRES_FIGMA_APPROVAL,false,false,false,false,19,12
UserProfile.dc.html,UserProfile,ROUTE_SCREEN_OR_STATE,HTML-067,false,UserProfile.dc.html,/app/account,EXPLICIT_PROJECT_COVERAGE,LEGACY_OR_UNVERIFIED_PER_SITE_AUDIT,LATER,REFERENCE_REQUIRES_FIGMA_APPROVAL,false,false,false,false,20,10
VerifyIdentity.dc.html,VerifyIdentity,ROUTE_SCREEN_OR_STATE,HTML-061,false,VerifyIdentity.dc.html,/verify,EXPLICIT_PROJECT_COVERAGE,LEGACY_OR_UNVERIFIED_PER_SITE_AUDIT,OSLO_WAVE_1_CANDIDATE,REFERENCE_REQUIRES_FIGMA_APPROVAL,false,false,false,true,20,3
Wallet.dc.html,Wallet,ROUTE_SCREEN_OR_STATE,HTML-105,false,Wallet.dc.html,/app/wallet,FILENAME_AND_CONTENT_INFERENCE,LEGACY_OR_UNVERIFIED_PER_SITE_AUDIT,LATER,REFERENCE_REQUIRES_FIGMA_APPROVAL,false,false,false,false,25,11
design_handoff_huddle_web/AboutUs.dc.html,AboutUs,CONCEPT_OR_UNMAPPED,HTML-043,true,AboutUs.dc.html,,FILENAME_AND_CONTENT_INFERENCE,LEGACY_OR_UNVERIFIED_PER_SITE_AUDIT,UNMAPPED,DUPLICATE_RETAIN_FOR_TRACEABILITY,false,false,false,true,54,14
design_handoff_huddle_web/Activities.dc.html,Activities,ROUTE_SCREEN_OR_STATE,HTML-152,true,Activities.dc.html,/activities,EXPLICIT_PROJECT_COVERAGE,PREMIUM_STANDARD_CLAIMED_BY_SITE_AUDIT,OSLO_WAVE_1_CANDIDATE,DUPLICATE_RETAIN_FOR_TRACEABILITY,false,false,false,true,96,40
design_handoff_huddle_web/ActivityAnalytics.dc.html,ActivityAnalytics,ROUTE_SCREEN_OR_STATE,HTML-004,true,ActivityAnalytics.dc.html,/app/organizer/analytics,EXPLICIT_PROJECT_COVERAGE,LEGACY_OR_UNVERIFIED_PER_SITE_AUDIT,LATER,DUPLICATE_RETAIN_FOR_TRACEABILITY,false,false,false,false,26,10
design_handoff_huddle_web/ActivityCheckIn.dc.html,ActivityCheckIn,ROUTE_SCREEN_OR_STATE,HTML-096,true,ActivityCheckIn.dc.html,/app/organizer/check-in,FILENAME_AND_CONTENT_INFERENCE,LEGACY_OR_UNVERIFIED_PER_SITE_AUDIT,OSLO_WAVE_1_CANDIDATE,DUPLICATE_RETAIN_FOR_TRACEABILITY,false,false,false,false,21,0
design_handoff_huddle_web/ActivityPublished.dc.html,ActivityPublished,ROUTE_SCREEN_OR_STATE,HTML-190,true,ActivityPublished.dc.html,/app/organizer/activities,FILENAME_AND_CONTENT_INFERENCE,LEGACY_OR_UNVERIFIED_PER_SITE_AUDIT,OSLO_WAVE_1_CANDIDATE,DUPLICATE_RETAIN_FOR_TRACEABILITY,false,false,false,false,16,2
design_handoff_huddle_web/ActivityRegistrations.dc.html,ActivityRegistrations,ROUTE_SCREEN_OR_STATE,HTML-123,true,ActivityRegistrations.dc.html,/app/organizer | /app/organizer/registrations,EXPLICIT_PROJECT_COVERAGE,LEGACY_OR_UNVERIFIED_PER_SITE_AUDIT,OSLO_WAVE_1_CANDIDATE,DUPLICATE_RETAIN_FOR_TRACEABILITY,false,false,false,false,20,10
design_handoff_huddle_web/AdminAnalytics.dc.html,AdminAnalytics,ROUTE_SCREEN_OR_STATE,HTML-009,true,AdminAnalytics.dc.html,/admin/analytics,EXPLICIT_PROJECT_COVERAGE,LEGACY_OR_UNVERIFIED_PER_SITE_AUDIT,LATER,DUPLICATE_RETAIN_FOR_TRACEABILITY,false,false,false,false,29,15
design_handoff_huddle_web/AdminAppeals.dc.html,AdminAppeals,ROUTE_SCREEN_OR_STATE,HTML-180,false,design_handoff_huddle_web/AdminAppeals.dc.html,/admin/moderation/appeals,EXPLICIT_PROJECT_COVERAGE,LEGACY_OR_UNVERIFIED_PER_SITE_AUDIT,LATER,REFERENCE_REQUIRES_FIGMA_APPROVAL,false,false,false,false,14,9
design_handoff_huddle_web/AdminAuditLog.dc.html,AdminAuditLog,ROUTE_SCREEN_OR_STATE,HTML-035,false,design_handoff_huddle_web/AdminAuditLog.dc.html,/admin/audit-log,EXPLICIT_PROJECT_COVERAGE,LEGACY_OR_UNVERIFIED_PER_SITE_AUDIT,LATER,REFERENCE_REQUIRES_FIGMA_APPROVAL,false,false,false,false,9,5
design_handoff_huddle_web/AdminDashboard.dc.html,AdminDashboard,ROUTE_SCREEN_OR_STATE,HTML-089,true,AdminDashboard.dc.html,/admin,EXPLICIT_PROJECT_COVERAGE,LEGACY_OR_UNVERIFIED_PER_SITE_AUDIT,LATER,DUPLICATE_RETAIN_FOR_TRACEABILITY,false,false,false,false,27,13
design_handoff_huddle_web/AdminEventAdministration.dc.html,AdminEventAdministration,ROUTE_SCREEN_OR_STATE,HTML-068,false,design_handoff_huddle_web/AdminEventAdministration.dc.html,/admin/events,EXPLICIT_PROJECT_COVERAGE,LEGACY_OR_UNVERIFIED_PER_SITE_AUDIT,LATER,REFERENCE_REQUIRES_FIGMA_APPROVAL,false,false,false,false,22,20
design_handoff_huddle_web/AdminFinanceCommissions.dc.html,AdminFinanceCommissions,ROUTE_SCREEN_OR_STATE,HTML-135,true,AdminFinanceCommissions.dc.html,/admin/finance/commissions,EXPLICIT_PROJECT_COVERAGE,LEGACY_OR_UNVERIFIED_PER_SITE_AUDIT,LATER,DUPLICATE_RETAIN_FOR_TRACEABILITY,false,false,false,false,17,16
design_handoff_huddle_web/AdminFinanceDisputes.dc.html,AdminFinanceDisputes,ROUTE_SCREEN_OR_STATE,HTML-025,true,AdminFinanceDisputes.dc.html,/admin/finance/disputes,EXPLICIT_PROJECT_COVERAGE,LEGACY_OR_UNVERIFIED_PER_SITE_AUDIT,LATER,DUPLICATE_RETAIN_FOR_TRACEABILITY,false,false,false,false,22,20
design_handoff_huddle_web/AdminFinancePayouts.dc.html,AdminFinancePayouts,ROUTE_SCREEN_OR_STATE,HTML-142,true,AdminFinancePayouts.dc.html,/admin/finance/payouts,EXPLICIT_PROJECT_COVERAGE,LEGACY_OR_UNVERIFIED_PER_SITE_AUDIT,LATER,DUPLICATE_RETAIN_FOR_TRACEABILITY,false,false,false,false,21,19
design_handoff_huddle_web/AdminFinanceRefunds.dc.html,AdminFinanceRefunds,ROUTE_SCREEN_OR_STATE,HTML-193,true,AdminFinanceRefunds.dc.html,/admin/finance/refunds,EXPLICIT_PROJECT_COVERAGE,LEGACY_OR_UNVERIFIED_PER_SITE_AUDIT,LATER,DUPLICATE_RETAIN_FOR_TRACEABILITY,false,false,false,false,19,18
design_handoff_huddle_web/AdminListingModeration.dc.html,AdminListingModeration,ROUTE_SCREEN_OR_STATE,HTML-099,false,design_handoff_huddle_web/AdminListingModeration.dc.html,/admin/listings,EXPLICIT_PROJECT_COVERAGE,LEGACY_OR_UNVERIFIED_PER_SITE_AUDIT,LATER,REFERENCE_REQUIRES_FIGMA_APPROVAL,false,false,false,false,14,6
design_handoff_huddle_web/AdminPrivacyGovernance.dc.html,AdminPrivacyGovernance,ROUTE_SCREEN_OR_STATE,HTML-220,true,AdminPrivacyGovernance.dc.html,/admin/privacy,EXPLICIT_PROJECT_COVERAGE,LEGACY_OR_UNVERIFIED_PER_SITE_AUDIT,LATER,DUPLICATE_RETAIN_FOR_TRACEABILITY,false,false,false,false,33,22
design_handoff_huddle_web/AdminReportsQueue.dc.html,AdminReportsQueue,ROUTE_SCREEN_OR_STATE,HTML-182,false,design_handoff_huddle_web/AdminReportsQueue.dc.html,/admin/reports | /admin/moderation/reports,EXPLICIT_PROJECT_COVERAGE,LEGACY_OR_UNVERIFIED_PER_SITE_AUDIT,LATER,REFERENCE_REQUIRES_FIGMA_APPROVAL,false,false,false,false,13,12
design_handoff_huddle_web/AdminSettings.dc.html,AdminSettings,ROUTE_SCREEN_OR_STATE,HTML-101,false,design_handoff_huddle_web/AdminSettings.dc.html,/admin/settings,EXPLICIT_PROJECT_COVERAGE,LEGACY_OR_UNVERIFIED_PER_SITE_AUDIT,LATER,REFERENCE_REQUIRES_FIGMA_APPROVAL,false,false,false,false,28,9
design_handoff_huddle_web/AdminSidebar.dc.html,AdminSidebar,SHARED_COMPONENT,HTML-148,true,AdminSidebar.dc.html,,COMPONENT_CLASSIFICATION,N_A,UNMAPPED,DUPLICATE_RETAIN_FOR_TRACEABILITY,false,false,false,false,5,8
design_handoff_huddle_web/AdminSupport.dc.html,AdminSupport,ROUTE_SCREEN_OR_STATE,HTML-075,false,design_handoff_huddle_web/AdminSupport.dc.html,/admin/support,EXPLICIT_PROJECT_COVERAGE,LEGACY_OR_UNVERIFIED_PER_SITE_AUDIT,LATER,REFERENCE_REQUIRES_FIGMA_APPROVAL,false,false,false,false,20,21
design_handoff_huddle_web/AdminSystem.dc.html,AdminSystem,ROUTE_SCREEN_OR_STATE,HTML-024,false,design_handoff_huddle_web/AdminSystem.dc.html,/admin/system,EXPLICIT_PROJECT_COVERAGE,LEGACY_OR_UNVERIFIED_PER_SITE_AUDIT,LATER,REFERENCE_REQUIRES_FIGMA_APPROVAL,false,false,false,false,27,15
design_handoff_huddle_web/AdminUsers.dc.html,AdminUsers,ROUTE_SCREEN_OR_STATE,HTML-023,false,design_handoff_huddle_web/AdminUsers.dc.html,/admin/users,EXPLICIT_PROJECT_COVERAGE,LEGACY_OR_UNVERIFIED_PER_SITE_AUDIT,LATER,REFERENCE_REQUIRES_FIGMA_APPROVAL,false,false,false,false,17,10
design_handoff_huddle_web/AffiliateTracking.dc.html,AffiliateTracking,ROUTE_SCREEN_OR_STATE,HTML-087,false,design_handoff_huddle_web/AffiliateTracking.dc.html,/app/partner/campaigns,EXPLICIT_PROJECT_COVERAGE,LEGACY_OR_UNVERIFIED_PER_SITE_AUDIT,LATER,REFERENCE_REQUIRES_FIGMA_APPROVAL,false,false,false,false,31,10
design_handoff_huddle_web/Albums.dc.html,Albums,ROUTE_SCREEN_OR_STATE,HTML-153,false,design_handoff_huddle_web/Albums.dc.html,/app/community,FILENAME_AND_CONTENT_INFERENCE,LEGACY_OR_UNVERIFIED_PER_SITE_AUDIT,OSLO_WAVE_2_CANDIDATE,REFERENCE_REQUIRES_FIGMA_APPROVAL,false,false,false,false,17,9
design_handoff_huddle_web/ApiConnection.dc.html,ApiConnection,ROUTE_SCREEN_OR_STATE,HTML-127,false,design_handoff_huddle_web/ApiConnection.dc.html,/app/partner/feed,FILENAME_AND_CONTENT_INFERENCE,LEGACY_OR_UNVERIFIED_PER_SITE_AUDIT,LATER,REFERENCE_REQUIRES_FIGMA_APPROVAL,false,false,false,false,23,10
design_handoff_huddle_web/AppHeader.dc.html,AppHeader,SHARED_COMPONENT,HTML-074,true,AppHeader.dc.html,,COMPONENT_CLASSIFICATION,N_A,UNMAPPED,DUPLICATE_RETAIN_FOR_TRACEABILITY,false,false,false,false,12,6
design_handoff_huddle_web/AttendeeDetail.dc.html,AttendeeDetail,ROUTE_SCREEN_OR_STATE,HTML-019,false,design_handoff_huddle_web/AttendeeDetail.dc.html,/app/organizer/registrations | /app/organizer/check-in,EXPLICIT_PROJECT_COVERAGE,LEGACY_OR_UNVERIFIED_PER_SITE_AUDIT,OSLO_WAVE_1_CANDIDATE,REFERENCE_REQUIRES_FIGMA_APPROVAL,false,false,false,false,23,3
design_handoff_huddle_web/BookAppointment.dc.html,BookAppointment,ROUTE_SCREEN_OR_STATE,HTML-014,true,BookAppointment.dc.html,/app/bookings | /app/expert/bookings,EXPLICIT_PROJECT_COVERAGE,LEGACY_OR_UNVERIFIED_PER_SITE_AUDIT,LATER,DUPLICATE_RETAIN_FOR_TRACEABILITY,false,false,false,false,21,11
design_handoff_huddle_web/BookingCancellation.dc.html,BookingCancellation,ROUTE_SCREEN_OR_STATE,HTML-128,false,design_handoff_huddle_web/BookingCancellation.dc.html,/app/bookings,FILENAME_AND_CONTENT_INFERENCE,LEGACY_OR_UNVERIFIED_PER_SITE_AUDIT,LATER,REFERENCE_REQUIRES_FIGMA_APPROVAL,false,false,false,false,17,5
design_handoff_huddle_web/BookingConfirmation.dc.html,BookingConfirmation,ROUTE_SCREEN_OR_STATE,HTML-205,true,BookingConfirmation.dc.html,/app/bookings,FILENAME_AND_CONTENT_INFERENCE,LEGACY_OR_UNVERIFIED_PER_SITE_AUDIT,LATER,DUPLICATE_RETAIN_FOR_TRACEABILITY,false,false,false,false,18,3
design_handoff_huddle_web/BookingDetails.dc.html,BookingDetails,ROUTE_SCREEN_OR_STATE,HTML-138,false,design_handoff_huddle_web/BookingDetails.dc.html,/app/bookings | /app/expert/bookings,FILENAME_AND_CONTENT_INFERENCE,LEGACY_OR_UNVERIFIED_PER_SITE_AUDIT,LATER,REFERENCE_REQUIRES_FIGMA_APPROVAL,false,false,false,false,18,3
design_handoff_huddle_web/BookingReschedule.dc.html,BookingReschedule,ROUTE_SCREEN_OR_STATE,HTML-047,false,design_handoff_huddle_web/BookingReschedule.dc.html,/app/bookings,FILENAME_AND_CONTENT_INFERENCE,LEGACY_OR_UNVERIFIED_PER_SITE_AUDIT,LATER,REFERENCE_REQUIRES_FIGMA_APPROVAL,false,false,false,false,22,11
design_handoff_huddle_web/BuyerInquiries.dc.html,BuyerInquiries,ROUTE_SCREEN_OR_STATE,HTML-104,false,design_handoff_huddle_web/BuyerInquiries.dc.html,/app/seller/inquiries,EXPLICIT_PROJECT_COVERAGE,LEGACY_OR_UNVERIFIED_PER_SITE_AUDIT,LATER,REFERENCE_REQUIRES_FIGMA_APPROVAL,false,false,false,false,17,10
design_handoff_huddle_web/CancelOrder.dc.html,CancelOrder,ROUTE_SCREEN_OR_STATE,HTML-031,true,CancelOrder.dc.html,/app/orders,FILENAME_AND_CONTENT_INFERENCE,LEGACY_OR_UNVERIFIED_PER_SITE_AUDIT,LATER,DUPLICATE_RETAIN_FOR_TRACEABILITY,false,false,false,false,21,5
design_handoff_huddle_web/Careers.dc.html,Careers,CONCEPT_OR_UNMAPPED,HTML-145,true,Careers.dc.html,,FILENAME_AND_CONTENT_INFERENCE,LEGACY_OR_UNVERIFIED_PER_SITE_AUDIT,UNMAPPED,DUPLICATE_RETAIN_FOR_TRACEABILITY,false,false,false,true,43,17
design_handoff_huddle_web/Cart.dc.html,Cart,ROUTE_SCREEN_OR_STATE,HTML-072,false,design_handoff_huddle_web/Cart.dc.html,/app/orders,FILENAME_AND_CONTENT_INFERENCE,LEGACY_OR_UNVERIFIED_PER_SITE_AUDIT,LATER,REFERENCE_REQUIRES_FIGMA_APPROVAL,false,false,false,false,39,16
design_handoff_huddle_web/Categories.dc.html,Categories,CONCEPT_OR_UNMAPPED,HTML-106,true,Categories.dc.html,,FILENAME_AND_CONTENT_INFERENCE,LEGACY_OR_UNVERIFIED_PER_SITE_AUDIT,UNMAPPED,DUPLICATE_RETAIN_FOR_TRACEABILITY,false,false,false,false,12,6
design_handoff_huddle_web/ChooseAccountType.dc.html,ChooseAccountType,ROUTE_SCREEN_OR_STATE,HTML-201,true,ChooseAccountType.dc.html,/onboarding,FILENAME_AND_CONTENT_INFERENCE,LEGACY_OR_UNVERIFIED_PER_SITE_AUDIT,OSLO_WAVE_1_CANDIDATE,DUPLICATE_RETAIN_FOR_TRACEABILITY,false,false,false,false,12,7
design_handoff_huddle_web/Community.dc.html,Community,ROUTE_SCREEN_OR_STATE,HTML-054,true,Community.dc.html,/app/community,EXPLICIT_PROJECT_COVERAGE,LEGACY_OR_UNVERIFIED_PER_SITE_AUDIT,OSLO_WAVE_2_CANDIDATE,DUPLICATE_RETAIN_FOR_TRACEABILITY,false,false,false,true,102,45
design_handoff_huddle_web/CommunityGuidelines.dc.html,CommunityGuidelines,ROUTE_SCREEN_OR_STATE,HTML-191,true,CommunityGuidelines.dc.html,/community-guidelines,EXPLICIT_PROJECT_COVERAGE,LEGACY_OR_UNVERIFIED_PER_SITE_AUDIT,OSLO_WAVE_1_CANDIDATE,DUPLICATE_RETAIN_FOR_TRACEABILITY,false,false,false,true,21,6
design_handoff_huddle_web/ContactUs.dc.html,ContactUs,ROUTE_SCREEN_OR_STATE,HTML-141,true,ContactUs.dc.html,/app/support,EXPLICIT_PROJECT_COVERAGE,LEGACY_OR_UNVERIFIED_PER_SITE_AUDIT,LATER,DUPLICATE_RETAIN_FOR_TRACEABILITY,false,false,false,true,37,6
design_handoff_huddle_web/CookieSettings.dc.html,CookieSettings,ROUTE_SCREEN_OR_STATE,HTML-094,false,design_handoff_huddle_web/CookieSettings.dc.html,/privacy | /app/privacy,FILENAME_AND_CONTENT_INFERENCE,LEGACY_OR_UNVERIFIED_PER_SITE_AUDIT,OSLO_WAVE_1_CANDIDATE,REFERENCE_REQUIRES_FIGMA_APPROVAL,false,false,false,false,16,7
design_handoff_huddle_web/CreateActivityBasicInfo.dc.html,CreateActivityBasicInfo,ROUTE_SCREEN_OR_STATE,HTML-197,false,design_handoff_huddle_web/CreateActivityBasicInfo.dc.html,/app/organizer/activities,FILENAME_AND_CONTENT_INFERENCE,LEGACY_OR_UNVERIFIED_PER_SITE_AUDIT,OSLO_WAVE_1_CANDIDATE,REFERENCE_REQUIRES_FIGMA_APPROVAL,false,false,false,false,36,19
design_handoff_huddle_web/CreateActivityDetails.dc.html,CreateActivityDetails,ROUTE_SCREEN_OR_STATE,HTML-085,false,design_handoff_huddle_web/CreateActivityDetails.dc.html,/app/organizer/activities,FILENAME_AND_CONTENT_INFERENCE,LEGACY_OR_UNVERIFIED_PER_SITE_AUDIT,OSLO_WAVE_1_CANDIDATE,REFERENCE_REQUIRES_FIGMA_APPROVAL,false,false,false,false,29,10
design_handoff_huddle_web/CreateActivityLocation.dc.html,CreateActivityLocation,ROUTE_SCREEN_OR_STATE,HTML-143,false,design_handoff_huddle_web/CreateActivityLocation.dc.html,/app/organizer/activities,FILENAME_AND_CONTENT_INFERENCE,LEGACY_OR_UNVERIFIED_PER_SITE_AUDIT,OSLO_WAVE_1_CANDIDATE,REFERENCE_REQUIRES_FIGMA_APPROVAL,false,false,false,false,32,10
design_handoff_huddle_web/CreateActivityMedia.dc.html,CreateActivityMedia,ROUTE_SCREEN_OR_STATE,HTML-113,false,design_handoff_huddle_web/CreateActivityMedia.dc.html,/app/organizer/activities,FILENAME_AND_CONTENT_INFERENCE,LEGACY_OR_UNVERIFIED_PER_SITE_AUDIT,OSLO_WAVE_1_CANDIDATE,REFERENCE_REQUIRES_FIGMA_APPROVAL,false,false,false,false,20,13
design_handoff_huddle_web/CreateActivityReview.dc.html,CreateActivityReview,ROUTE_SCREEN_OR_STATE,HTML-227,false,design_handoff_huddle_web/CreateActivityReview.dc.html,/app/organizer/activities,FILENAME_AND_CONTENT_INFERENCE,LEGACY_OR_UNVERIFIED_PER_SITE_AUDIT,OSLO_WAVE_1_CANDIDATE,REFERENCE_REQUIRES_FIGMA_APPROVAL,false,false,false,false,21,6
design_handoff_huddle_web/CreateEventBasicInfo.dc.html,CreateEventBasicInfo,ROUTE_SCREEN_OR_STATE,HTML-084,false,design_handoff_huddle_web/CreateEventBasicInfo.dc.html,/app/organizer/events,FILENAME_AND_CONTENT_INFERENCE,LEGACY_OR_UNVERIFIED_PER_SITE_AUDIT,LATER,REFERENCE_REQUIRES_FIGMA_APPROVAL,false,false,false,false,36,19
design_handoff_huddle_web/CreateEventDescription.dc.html,CreateEventDescription,ROUTE_SCREEN_OR_STATE,HTML-168,false,design_handoff_huddle_web/CreateEventDescription.dc.html,/app/organizer/events,FILENAME_AND_CONTENT_INFERENCE,LEGACY_OR_UNVERIFIED_PER_SITE_AUDIT,LATER,REFERENCE_REQUIRES_FIGMA_APPROVAL,false,false,false,false,23,10
design_handoff_huddle_web/CreateEventLocation.dc.html,CreateEventLocation,ROUTE_SCREEN_OR_STATE,HTML-213,false,design_handoff_huddle_web/CreateEventLocation.dc.html,/app/organizer/events,FILENAME_AND_CONTENT_INFERENCE,LEGACY_OR_UNVERIFIED_PER_SITE_AUDIT,LATER,REFERENCE_REQUIRES_FIGMA_APPROVAL,false,false,false,false,32,10
design_handoff_huddle_web/CreateEventOrganizerContact.dc.html,CreateEventOrganizerContact,ROUTE_SCREEN_OR_STATE,HTML-007,false,design_handoff_huddle_web/CreateEventOrganizerContact.dc.html,/app/organizer/events,FILENAME_AND_CONTENT_INFERENCE,LEGACY_OR_UNVERIFIED_PER_SITE_AUDIT,LATER,REFERENCE_REQUIRES_FIGMA_APPROVAL,false,false,false,false,26,10
design_handoff_huddle_web/CreateEventReview.dc.html,CreateEventReview,ROUTE_SCREEN_OR_STATE,HTML-049,false,design_handoff_huddle_web/CreateEventReview.dc.html,/app/organizer/events,FILENAME_AND_CONTENT_INFERENCE,LEGACY_OR_UNVERIFIED_PER_SITE_AUDIT,LATER,REFERENCE_REQUIRES_FIGMA_APPROVAL,false,false,false,false,24,6
design_handoff_huddle_web/CreateEventTickets.dc.html,CreateEventTickets,ROUTE_SCREEN_OR_STATE,HTML-161,false,design_handoff_huddle_web/CreateEventTickets.dc.html,/app/organizer/events,FILENAME_AND_CONTENT_INFERENCE,LEGACY_OR_UNVERIFIED_PER_SITE_AUDIT,LATER,REFERENCE_REQUIRES_FIGMA_APPROVAL,false,false,false,false,29,13
design_handoff_huddle_web/CreateGroupBasicInfo.dc.html,CreateGroupBasicInfo,ROUTE_SCREEN_OR_STATE,HTML-167,false,design_handoff_huddle_web/CreateGroupBasicInfo.dc.html,/app/groups,FILENAME_AND_CONTENT_INFERENCE,LEGACY_OR_UNVERIFIED_PER_SITE_AUDIT,LATER,REFERENCE_REQUIRES_FIGMA_APPROVAL,false,false,false,false,27,19
design_handoff_huddle_web/CreateGroupCoverDetails.dc.html,CreateGroupCoverDetails,ROUTE_SCREEN_OR_STATE,HTML-131,false,design_handoff_huddle_web/CreateGroupCoverDetails.dc.html,/app/groups,FILENAME_AND_CONTENT_INFERENCE,LEGACY_OR_UNVERIFIED_PER_SITE_AUDIT,LATER,REFERENCE_REQUIRES_FIGMA_APPROVAL,false,false,false,false,22,10
design_handoff_huddle_web/CreateGroupInviteMembers.dc.html,CreateGroupInviteMembers,ROUTE_SCREEN_OR_STATE,HTML-013,false,design_handoff_huddle_web/CreateGroupInviteMembers.dc.html,/app/groups,FILENAME_AND_CONTENT_INFERENCE,LEGACY_OR_UNVERIFIED_PER_SITE_AUDIT,LATER,REFERENCE_REQUIRES_FIGMA_APPROVAL,false,false,false,false,26,16
design_handoff_huddle_web/CreateGroupReview.dc.html,CreateGroupReview,ROUTE_SCREEN_OR_STATE,HTML-230,false,design_handoff_huddle_web/CreateGroupReview.dc.html,/app/groups,FILENAME_AND_CONTENT_INFERENCE,LEGACY_OR_UNVERIFIED_PER_SITE_AUDIT,LATER,REFERENCE_REQUIRES_FIGMA_APPROVAL,false,false,false,false,20,6
design_handoff_huddle_web/CreateGroupSettings.dc.html,CreateGroupSettings,ROUTE_SCREEN_OR_STATE,HTML-192,false,design_handoff_huddle_web/CreateGroupSettings.dc.html,/app/groups,FILENAME_AND_CONTENT_INFERENCE,LEGACY_OR_UNVERIFIED_PER_SITE_AUDIT,LATER,REFERENCE_REQUIRES_FIGMA_APPROVAL,false,false,false,false,25,21
design_handoff_huddle_web/CreateListing.dc.html,CreateListing,ROUTE_SCREEN_OR_STATE,HTML-208,true,CreateListing.dc.html,/app/marketplace/listings | /app/seller/listings,FILENAME_AND_CONTENT_INFERENCE,LEGACY_OR_UNVERIFIED_PER_SITE_AUDIT,LATER,DUPLICATE_RETAIN_FOR_TRACEABILITY,false,false,false,false,33,26
design_handoff_huddle_web/CreateListingStep2.dc.html,CreateListingStep2,ROUTE_SCREEN_OR_STATE,HTML-083,false,design_handoff_huddle_web/CreateListingStep2.dc.html,/app/marketplace/listings | /app/seller/listings,FILENAME_AND_CONTENT_INFERENCE,LEGACY_OR_UNVERIFIED_PER_SITE_AUDIT,LATER,REFERENCE_REQUIRES_FIGMA_APPROVAL,false,false,false,false,28,16
design_handoff_huddle_web/CreatePost.dc.html,CreatePost,ROUTE_SCREEN_OR_STATE,HTML-183,true,CreatePost.dc.html,/app/community,FILENAME_AND_CONTENT_INFERENCE,LEGACY_OR_UNVERIFIED_PER_SITE_AUDIT,OSLO_WAVE_2_CANDIDATE,DUPLICATE_RETAIN_FOR_TRACEABILITY,false,false,false,false,16,3
design_handoff_huddle_web/DashboardSidebar.dc.html,DashboardSidebar,SHARED_COMPONENT,HTML-196,true,DashboardSidebar.dc.html,,COMPONENT_CLASSIFICATION,N_A,UNMAPPED,DUPLICATE_RETAIN_FOR_TRACEABILITY,false,false,false,false,3,8
design_handoff_huddle_web/DeliveryTracking.dc.html,DeliveryTracking,ROUTE_SCREEN_OR_STATE,HTML-022,true,DeliveryTracking.dc.html,/app/orders,FILENAME_AND_CONTENT_INFERENCE,LEGACY_OR_UNVERIFIED_PER_SITE_AUDIT,LATER,DUPLICATE_RETAIN_FOR_TRACEABILITY,false,false,false,false,25,0
design_handoff_huddle_web/DisputeReport.dc.html,DisputeReport,ROUTE_SCREEN_OR_STATE,HTML-027,true,DisputeReport.dc.html,/app/orders | /admin/finance/disputes,FILENAME_AND_CONTENT_INFERENCE,LEGACY_OR_UNVERIFIED_PER_SITE_AUDIT,LATER,DUPLICATE_RETAIN_FOR_TRACEABILITY,false,false,false,false,24,0
design_handoff_huddle_web/EditListing.dc.html,EditListing,ROUTE_SCREEN_OR_STATE,HTML-126,false,design_handoff_huddle_web/EditListing.dc.html,/app/marketplace/listings | /app/seller/listings,FILENAME_AND_CONTENT_INFERENCE,LEGACY_OR_UNVERIFIED_PER_SITE_AUDIT,LATER,REFERENCE_REQUIRES_FIGMA_APPROVAL,false,false,false,false,33,4
design_handoff_huddle_web/EventAnalytics.dc.html,EventAnalytics,ROUTE_SCREEN_OR_STATE,HTML-209,false,design_handoff_huddle_web/EventAnalytics.dc.html,/app/organizer/analytics,EXPLICIT_PROJECT_COVERAGE,LEGACY_OR_UNVERIFIED_PER_SITE_AUDIT,LATER,REFERENCE_REQUIRES_FIGMA_APPROVAL,false,false,false,false,26,11
design_handoff_huddle_web/EventDetails.dc.html,EventDetails,ROUTE_SCREEN_OR_STATE,HTML-164,true,EventDetails.dc.html,/events/[eventId],EXPLICIT_PROJECT_COVERAGE,LEGACY_OR_UNVERIFIED_PER_SITE_AUDIT,OSLO_WAVE_2_CANDIDATE,DUPLICATE_RETAIN_FOR_TRACEABILITY,false,false,false,true,58,12
design_handoff_huddle_web/EventPublished.dc.html,EventPublished,ROUTE_SCREEN_OR_STATE,HTML-006,true,EventPublished.dc.html,/app/organizer/events,FILENAME_AND_CONTENT_INFERENCE,LEGACY_OR_UNVERIFIED_PER_SITE_AUDIT,LATER,DUPLICATE_RETAIN_FOR_TRACEABILITY,false,false,false,false,16,2
design_handoff_huddle_web/EventRegistrations.dc.html,EventRegistrations,ROUTE_SCREEN_OR_STATE,HTML-069,false,design_handoff_huddle_web/EventRegistrations.dc.html,/app/organizer | /app/organizer/registrations,EXPLICIT_PROJECT_COVERAGE,LEGACY_OR_UNVERIFIED_PER_SITE_AUDIT,OSLO_WAVE_1_CANDIDATE,REFERENCE_REQUIRES_FIGMA_APPROVAL,false,false,false,false,19,11
design_handoff_huddle_web/Events Discover.dc.html,Events Discover,ROUTE_SCREEN_OR_STATE,HTML-037,true,Events Discover.dc.html,/events,FILENAME_AND_CONTENT_INFERENCE,LEGACY_OR_UNVERIFIED_PER_SITE_AUDIT,OSLO_WAVE_2_CANDIDATE,DUPLICATE_RETAIN_FOR_TRACEABILITY,false,false,false,true,123,31
design_handoff_huddle_web/Events Grid.dc.html,Events Grid,ROUTE_SCREEN_OR_STATE,HTML-212,true,Events Grid.dc.html,/events,FILENAME_AND_CONTENT_INFERENCE,LEGACY_OR_UNVERIFIED_PER_SITE_AUDIT,OSLO_WAVE_2_CANDIDATE,DUPLICATE_RETAIN_FOR_TRACEABILITY,false,false,false,true,79,23
design_handoff_huddle_web/Events.dc.html,Events,ROUTE_SCREEN_OR_STATE,HTML-020,true,Events.dc.html,/events,EXPLICIT_PROJECT_COVERAGE,LEGACY_OR_UNVERIFIED_PER_SITE_AUDIT,OSLO_WAVE_2_CANDIDATE,DUPLICATE_RETAIN_FOR_TRACEABILITY,false,false,false,true,74,66
design_handoff_huddle_web/FamilyMatchDetail.dc.html,FamilyMatchDetail,ROUTE_SCREEN_OR_STATE,HTML-112,false,design_handoff_huddle_web/FamilyMatchDetail.dc.html,/app/connections | /app/matching,EXPLICIT_PROJECT_COVERAGE,LEGACY_OR_UNVERIFIED_PER_SITE_AUDIT,OSLO_WAVE_2_CANDIDATE,REFERENCE_REQUIRES_FIGMA_APPROVAL,false,false,false,false,25,9
design_handoff_huddle_web/FamilyMatching.dc.html,FamilyMatching,ROUTE_SCREEN_OR_STATE,HTML-108,false,design_handoff_huddle_web/FamilyMatching.dc.html,/app/family | /app/connections | /app/matching,EXPLICIT_PROJECT_COVERAGE,LEGACY_OR_UNVERIFIED_PER_SITE_AUDIT,OSLO_WAVE_2_CANDIDATE,REFERENCE_REQUIRES_FIGMA_APPROVAL,false,false,false,false,51,24
design_handoff_huddle_web/FamilyMembers.dc.html,FamilyMembers,ROUTE_SCREEN_OR_STATE,HTML-100,true,FamilyMembers.dc.html,/app/family/members,EXPLICIT_PROJECT_COVERAGE,LEGACY_OR_UNVERIFIED_PER_SITE_AUDIT,OSLO_WAVE_2_CANDIDATE,DUPLICATE_RETAIN_FOR_TRACEABILITY,false,false,false,false,34,15
design_handoff_huddle_web/Feed.dc.html,Feed,ROUTE_SCREEN_OR_STATE,HTML-063,false,design_handoff_huddle_web/Feed.dc.html,/app/community,EXPLICIT_PROJECT_COVERAGE,LEGACY_OR_UNVERIFIED_PER_SITE_AUDIT,OSLO_WAVE_2_CANDIDATE,REFERENCE_REQUIRES_FIGMA_APPROVAL,false,false,false,false,18,11
design_handoff_huddle_web/FeedDiagnostics.dc.html,FeedDiagnostics,ROUTE_SCREEN_OR_STATE,HTML-038,true,FeedDiagnostics.dc.html,/app/partner/feed,FILENAME_AND_CONTENT_INFERENCE,LEGACY_OR_UNVERIFIED_PER_SITE_AUDIT,LATER,DUPLICATE_RETAIN_FOR_TRACEABILITY,false,false,false,false,17,13
design_handoff_huddle_web/Footer.dc.html,Footer,SHARED_COMPONENT,HTML-070,true,Footer.dc.html,,COMPONENT_CLASSIFICATION,N_A,UNMAPPED,DUPLICATE_RETAIN_FOR_TRACEABILITY,false,false,false,false,40,12
design_handoff_huddle_web/ForgotPassword.dc.html,ForgotPassword,ROUTE_SCREEN_OR_STATE,HTML-090,true,ForgotPassword.dc.html,/forgot-password,EXPLICIT_PROJECT_COVERAGE,LEGACY_OR_UNVERIFIED_PER_SITE_AUDIT,OSLO_WAVE_1_CANDIDATE,DUPLICATE_RETAIN_FOR_TRACEABILITY,false,false,false,true,14,0
design_handoff_huddle_web/GroupCreatedSuccess.dc.html,GroupCreatedSuccess,ROUTE_SCREEN_OR_STATE,HTML-195,true,GroupCreatedSuccess.dc.html,/app/groups,FILENAME_AND_CONTENT_INFERENCE,LEGACY_OR_UNVERIFIED_PER_SITE_AUDIT,LATER,DUPLICATE_RETAIN_FOR_TRACEABILITY,false,false,false,false,15,2
design_handoff_huddle_web/GroupFeed.dc.html,GroupFeed,ROUTE_SCREEN_OR_STATE,HTML-058,false,design_handoff_huddle_web/GroupFeed.dc.html,/app/groups/[groupId],EXPLICIT_PROJECT_COVERAGE,LEGACY_OR_UNVERIFIED_PER_SITE_AUDIT,LATER,REFERENCE_REQUIRES_FIGMA_APPROVAL,false,false,false,false,26,4
design_handoff_huddle_web/GroupMembers.dc.html,GroupMembers,ROUTE_SCREEN_OR_STATE,HTML-222,false,design_handoff_huddle_web/GroupMembers.dc.html,/app/groups/[groupId],FILENAME_AND_CONTENT_INFERENCE,LEGACY_OR_UNVERIFIED_PER_SITE_AUDIT,LATER,REFERENCE_REQUIRES_FIGMA_APPROVAL,false,false,false,false,31,10
design_handoff_huddle_web/GroupSettings.dc.html,GroupSettings,ROUTE_SCREEN_OR_STATE,HTML-091,false,design_handoff_huddle_web/GroupSettings.dc.html,/app/groups/[groupId],FILENAME_AND_CONTENT_INFERENCE,LEGACY_OR_UNVERIFIED_PER_SITE_AUDIT,LATER,REFERENCE_REQUIRES_FIGMA_APPROVAL,false,false,false,false,20,8
design_handoff_huddle_web/Header.dc.html,Header,SHARED_COMPONENT,HTML-225,true,Header.dc.html,,COMPONENT_CLASSIFICATION,N_A,UNMAPPED,DUPLICATE_RETAIN_FOR_TRACEABILITY,false,false,false,false,25,9
design_handoff_huddle_web/HelpCenter.dc.html,HelpCenter,ROUTE_SCREEN_OR_STATE,HTML-173,true,HelpCenter.dc.html,/app/support,EXPLICIT_PROJECT_COVERAGE,LEGACY_OR_UNVERIFIED_PER_SITE_AUDIT,LATER,DUPLICATE_RETAIN_FOR_TRACEABILITY,false,false,false,true,40,11
design_handoff_huddle_web/Home.dc.html,Home,ROUTE_SCREEN_OR_STATE,HTML-194,true,Home.dc.html,/,EXPLICIT_PROJECT_COVERAGE,PREMIUM_STANDARD_CLAIMED_BY_SITE_AUDIT,OSLO_WAVE_1_CANDIDATE,DUPLICATE_RETAIN_FOR_TRACEABILITY,false,false,false,true,410,0
design_handoff_huddle_web/Icon.dc.html,Icon,SHARED_COMPONENT,HTML-231,true,Icon.dc.html,,COMPONENT_CLASSIFICATION,N_A,UNMAPPED,DUPLICATE_RETAIN_FOR_TRACEABILITY,false,false,false,false,49,146
design_handoff_huddle_web/ListingPublished.dc.html,ListingPublished,ROUTE_SCREEN_OR_STATE,HTML-077,true,ListingPublished.dc.html,/app/marketplace/listings | /app/seller/listings,FILENAME_AND_CONTENT_INFERENCE,LEGACY_OR_UNVERIFIED_PER_SITE_AUDIT,LATER,DUPLICATE_RETAIN_FOR_TRACEABILITY,false,false,false,false,16,2
design_handoff_huddle_web/ListingReview.dc.html,ListingReview,ROUTE_SCREEN_OR_STATE,HTML-092,true,ListingReview.dc.html,/marketplace/listings/[listingId] | /app/marketplace/listings | /app/seller/listings,EXPLICIT_PROJECT_COVERAGE,LEGACY_OR_UNVERIFIED_PER_SITE_AUDIT,LATER,DUPLICATE_RETAIN_FOR_TRACEABILITY,false,false,false,false,19,6
design_handoff_huddle_web/Login.dc.html,Login,ROUTE_SCREEN_OR_STATE,HTML-115,true,Login.dc.html,/login,EXPLICIT_PROJECT_COVERAGE,LEGACY_OR_UNVERIFIED_PER_SITE_AUDIT,OSLO_WAVE_1_CANDIDATE,DUPLICATE_RETAIN_FOR_TRACEABILITY,false,false,false,false,25,0
design_handoff_huddle_web/MarkAsSold.dc.html,MarkAsSold,ROUTE_SCREEN_OR_STATE,HTML-021,true,MarkAsSold.dc.html,/app/seller/listings,FILENAME_AND_CONTENT_INFERENCE,LEGACY_OR_UNVERIFIED_PER_SITE_AUDIT,LATER,DUPLICATE_RETAIN_FOR_TRACEABILITY,false,false,false,false,19,0
design_handoff_huddle_web/Marketplace.dc.html,Marketplace,ROUTE_SCREEN_OR_STATE,HTML-124,true,Marketplace.dc.html,/marketplace,EXPLICIT_PROJECT_COVERAGE,PREMIUM_STANDARD_CLAIMED_BY_SITE_AUDIT,LATER,DUPLICATE_RETAIN_FOR_TRACEABILITY,false,false,false,true,82,30
design_handoff_huddle_web/Messages.dc.html,Messages,ROUTE_SCREEN_OR_STATE,HTML-147,false,design_handoff_huddle_web/Messages.dc.html,/app/messages | /app/messages/[conversationId],EXPLICIT_PROJECT_COVERAGE,LEGACY_OR_UNVERIFIED_PER_SITE_AUDIT,OSLO_WAVE_2_CANDIDATE,REFERENCE_REQUIRES_FIGMA_APPROVAL,false,false,false,false,33,17
design_handoff_huddle_web/ModerateReport.dc.html,ModerateReport,ROUTE_SCREEN_OR_STATE,HTML-219,false,design_handoff_huddle_web/ModerateReport.dc.html,/admin/moderation,EXPLICIT_PROJECT_COVERAGE,LEGACY_OR_UNVERIFIED_PER_SITE_AUDIT,LATER,REFERENCE_REQUIRES_FIGMA_APPROVAL,false,false,false,false,27,0
design_handoff_huddle_web/Municipality.dc.html,Municipality,ROUTE_SCREEN_OR_STATE,HTML-150,true,Municipality.dc.html,/app/municipality,EXPLICIT_PROJECT_COVERAGE,LEGACY_OR_UNVERIFIED_PER_SITE_AUDIT,LATER,DUPLICATE_RETAIN_FOR_TRACEABILITY,false,false,false,true,78,34
design_handoff_huddle_web/MunicipalityDetail.dc.html,MunicipalityDetail,ROUTE_SCREEN_OR_STATE,HTML-118,true,MunicipalityDetail.dc.html,/app/municipality/programs,EXPLICIT_PROJECT_COVERAGE,LEGACY_OR_UNVERIFIED_PER_SITE_AUDIT,LATER,DUPLICATE_RETAIN_FOR_TRACEABILITY,false,false,false,false,31,9
design_handoff_huddle_web/MunicipalityGovernance.dc.html,MunicipalityGovernance,ROUTE_SCREEN_OR_STATE,HTML-117,true,MunicipalityGovernance.dc.html,/app/municipality/governance,EXPLICIT_PROJECT_COVERAGE,LEGACY_OR_UNVERIFIED_PER_SITE_AUDIT,LATER,DUPLICATE_RETAIN_FOR_TRACEABILITY,false,false,false,false,46,13
design_handoff_huddle_web/MyActivitiesList.dc.html,MyActivitiesList,ROUTE_SCREEN_OR_STATE,HTML-171,false,design_handoff_huddle_web/MyActivitiesList.dc.html,/app/activities | /app/organizer/activities,EXPLICIT_PROJECT_COVERAGE,LEGACY_OR_UNVERIFIED_PER_SITE_AUDIT,OSLO_WAVE_1_CANDIDATE,REFERENCE_REQUIRES_FIGMA_APPROVAL,false,false,false,false,19,10
design_handoff_huddle_web/MyBookings.dc.html,MyBookings,ROUTE_SCREEN_OR_STATE,HTML-078,false,design_handoff_huddle_web/MyBookings.dc.html,/app/bookings,EXPLICIT_PROJECT_COVERAGE,LEGACY_OR_UNVERIFIED_PER_SITE_AUDIT,LATER,REFERENCE_REQUIRES_FIGMA_APPROVAL,false,false,false,false,18,17
design_handoff_huddle_web/MyEventsList.dc.html,MyEventsList,ROUTE_SCREEN_OR_STATE,HTML-144,false,design_handoff_huddle_web/MyEventsList.dc.html,/app/events | /app/organizer/events,EXPLICIT_PROJECT_COVERAGE,LEGACY_OR_UNVERIFIED_PER_SITE_AUDIT,OSLO_WAVE_2_CANDIDATE,REFERENCE_REQUIRES_FIGMA_APPROVAL,false,false,false,false,19,12
design_handoff_huddle_web/MyGroupsList.dc.html,MyGroupsList,ROUTE_SCREEN_OR_STATE,HTML-034,false,design_handoff_huddle_web/MyGroupsList.dc.html,/app/groups,EXPLICIT_PROJECT_COVERAGE,LEGACY_OR_UNVERIFIED_PER_SITE_AUDIT,LATER,REFERENCE_REQUIRES_FIGMA_APPROVAL,false,false,false,false,17,12
design_handoff_huddle_web/MyListings.dc.html,MyListings,ROUTE_SCREEN_OR_STATE,HTML-134,false,design_handoff_huddle_web/MyListings.dc.html,/app/marketplace/listings | /app/seller | /app/seller/listings | /app/marketplace,EXPLICIT_PROJECT_COVERAGE,LEGACY_OR_UNVERIFIED_PER_SITE_AUDIT,LATER,REFERENCE_REQUIRES_FIGMA_APPROVAL,false,false,false,false,27,19
design_handoff_huddle_web/MyTicketQR.dc.html,MyTicketQR,ROUTE_SCREEN_OR_STATE,HTML-125,true,MyTicketQR.dc.html,/app/events | /app/organizer/check-in,FILENAME_AND_CONTENT_INFERENCE,LEGACY_OR_UNVERIFIED_PER_SITE_AUDIT,OSLO_WAVE_1_CANDIDATE,DUPLICATE_RETAIN_FOR_TRACEABILITY,false,false,false,false,20,3
design_handoff_huddle_web/Notifications.dc.html,Notifications,ROUTE_SCREEN_OR_STATE,HTML-228,true,Notifications.dc.html,/app/notifications,EXPLICIT_PROJECT_COVERAGE,LEGACY_OR_UNVERIFIED_PER_SITE_AUDIT,OSLO_WAVE_2_CANDIDATE,DUPLICATE_RETAIN_FOR_TRACEABILITY,false,false,false,false,22,12
design_handoff_huddle_web/Onboarding.dc.html,Onboarding,ROUTE_SCREEN_OR_STATE,HTML-216,false,design_handoff_huddle_web/Onboarding.dc.html,/onboarding | /onboarding/family | /onboarding/children | /onboarding/interests | /onboarding/location | /onboarding/consent,EXPLICIT_PROJECT_COVERAGE,LEGACY_OR_UNVERIFIED_PER_SITE_AUDIT,OSLO_WAVE_1_CANDIDATE,REFERENCE_REQUIRES_FIGMA_APPROVAL,false,false,false,false,46,37
design_handoff_huddle_web/OrderConfirmation.dc.html,OrderConfirmation,ROUTE_SCREEN_OR_STATE,HTML-139,false,design_handoff_huddle_web/OrderConfirmation.dc.html,/app/orders,FILENAME_AND_CONTENT_INFERENCE,LEGACY_OR_UNVERIFIED_PER_SITE_AUDIT,LATER,REFERENCE_REQUIRES_FIGMA_APPROVAL,false,false,false,false,28,5
design_handoff_huddle_web/OrderTracking.dc.html,OrderTracking,ROUTE_SCREEN_OR_STATE,HTML-215,false,design_handoff_huddle_web/OrderTracking.dc.html,/app/orders,EXPLICIT_PROJECT_COVERAGE,LEGACY_OR_UNVERIFIED_PER_SITE_AUDIT,LATER,REFERENCE_REQUIRES_FIGMA_APPROVAL,false,false,false,false,28,8
design_handoff_huddle_web/OrganizerCheckInList.dc.html,OrganizerCheckInList,ROUTE_SCREEN_OR_STATE,HTML-200,false,design_handoff_huddle_web/OrganizerCheckInList.dc.html,/app/organizer/check-in,EXPLICIT_PROJECT_COVERAGE,LEGACY_OR_UNVERIFIED_PER_SITE_AUDIT,OSLO_WAVE_1_CANDIDATE,REFERENCE_REQUIRES_FIGMA_APPROVAL,false,false,false,false,30,7
design_handoff_huddle_web/ParentDashboard.dc.html,ParentDashboard,ROUTE_SCREEN_OR_STATE,HTML-226,false,design_handoff_huddle_web/ParentDashboard.dc.html,/app,EXPLICIT_PROJECT_COVERAGE,LEGACY_OR_UNVERIFIED_PER_SITE_AUDIT,OSLO_WAVE_1_CANDIDATE,REFERENCE_REQUIRES_FIGMA_APPROVAL,false,false,false,false,47,25
design_handoff_huddle_web/PartnerAgreement.dc.html,PartnerAgreement,ROUTE_SCREEN_OR_STATE,HTML-064,true,PartnerAgreement.dc.html,/app/partner/billing,EXPLICIT_PROJECT_COVERAGE,LEGACY_OR_UNVERIFIED_PER_SITE_AUDIT,LATER,DUPLICATE_RETAIN_FOR_TRACEABILITY,false,false,false,false,26,3
design_handoff_huddle_web/PartnerApplication.dc.html,PartnerApplication,ROUTE_SCREEN_OR_STATE,HTML-175,true,PartnerApplication.dc.html,/app/partner,FILENAME_AND_CONTENT_INFERENCE,LEGACY_OR_UNVERIFIED_PER_SITE_AUDIT,LATER,DUPLICATE_RETAIN_FOR_TRACEABILITY,false,false,false,false,22,0
design_handoff_huddle_web/PartnerOverview.dc.html,PartnerOverview,ROUTE_SCREEN_OR_STATE,HTML-012,false,design_handoff_huddle_web/PartnerOverview.dc.html,/app/partner,EXPLICIT_PROJECT_COVERAGE,LEGACY_OR_UNVERIFIED_PER_SITE_AUDIT,LATER,REFERENCE_REQUIRES_FIGMA_APPROVAL,false,false,false,false,17,5
design_handoff_huddle_web/PartnerSidebar.dc.html,PartnerSidebar,SHARED_COMPONENT,HTML-103,true,PartnerSidebar.dc.html,,COMPONENT_CLASSIFICATION,N_A,UNMAPPED,DUPLICATE_RETAIN_FOR_TRACEABILITY,false,false,false,false,3,8
design_handoff_huddle_web/PartnerStoresLanding.dc.html,PartnerStoresLanding,ROUTE_SCREEN_OR_STATE,HTML-066,true,PartnerStoresLanding.dc.html,/app/partner,FILENAME_AND_CONTENT_INFERENCE,LEGACY_OR_UNVERIFIED_PER_SITE_AUDIT,LATER,DUPLICATE_RETAIN_FOR_TRACEABILITY,false,false,false,true,71,28
design_handoff_huddle_web/PickupScheduling.dc.html,PickupScheduling,ROUTE_SCREEN_OR_STATE,HTML-081,true,PickupScheduling.dc.html,/app/orders | /app/seller/orders,FILENAME_AND_CONTENT_INFERENCE,LEGACY_OR_UNVERIFIED_PER_SITE_AUDIT,LATER,DUPLICATE_RETAIN_FOR_TRACEABILITY,false,false,false,false,25,9
design_handoff_huddle_web/PostDetails.dc.html,PostDetails,ROUTE_SCREEN_OR_STATE,HTML-186,false,design_handoff_huddle_web/PostDetails.dc.html,/app/community,FILENAME_AND_CONTENT_INFERENCE,LEGACY_OR_UNVERIFIED_PER_SITE_AUDIT,OSLO_WAVE_2_CANDIDATE,REFERENCE_REQUIRES_FIGMA_APPROVAL,false,false,false,false,27,12
design_handoff_huddle_web/PostSettings.dc.html,PostSettings,ROUTE_SCREEN_OR_STATE,HTML-116,false,design_handoff_huddle_web/PostSettings.dc.html,/app/community,FILENAME_AND_CONTENT_INFERENCE,LEGACY_OR_UNVERIFIED_PER_SITE_AUDIT,OSLO_WAVE_2_CANDIDATE,REFERENCE_REQUIRES_FIGMA_APPROVAL,false,false,false,false,12,12
design_handoff_huddle_web/ProductApproval.dc.html,ProductApproval,ROUTE_SCREEN_OR_STATE,HTML-198,false,design_handoff_huddle_web/ProductApproval.dc.html,/admin/approvals,EXPLICIT_PROJECT_COVERAGE,LEGACY_OR_UNVERIFIED_PER_SITE_AUDIT,LATER,REFERENCE_REQUIRES_FIGMA_APPROVAL,false,false,false,false,20,12
design_handoff_huddle_web/ProductFeedSetup.dc.html,ProductFeedSetup,ROUTE_SCREEN_OR_STATE,HTML-060,false,design_handoff_huddle_web/ProductFeedSetup.dc.html,/app/partner/feed,EXPLICIT_PROJECT_COVERAGE,LEGACY_OR_UNVERIFIED_PER_SITE_AUDIT,LATER,REFERENCE_REQUIRES_FIGMA_APPROVAL,false,false,false,false,20,18
design_handoff_huddle_web/ProjectCoverage.dc.html,ProjectCoverage,AUDIT_META,HTML-062,false,design_handoff_huddle_web/ProjectCoverage.dc.html,,FILENAME_AND_CONTENT_INFERENCE,N_A,UNMAPPED,ARCHIVE_AUDIT_SOURCE,false,false,false,true,51,21
design_handoff_huddle_web/PromoteListing.dc.html,PromoteListing,ROUTE_SCREEN_OR_STATE,HTML-071,true,PromoteListing.dc.html,/app/seller/listings,FILENAME_AND_CONTENT_INFERENCE,LEGACY_OR_UNVERIFIED_PER_SITE_AUDIT,LATER,DUPLICATE_RETAIN_FOR_TRACEABILITY,false,false,false,false,22,9
design_handoff_huddle_web/QRCheckInScanner.dc.html,QRCheckInScanner,ROUTE_SCREEN_OR_STATE,HTML-181,false,design_handoff_huddle_web/QRCheckInScanner.dc.html,/app/organizer/check-in,EXPLICIT_PROJECT_COVERAGE,LEGACY_OR_UNVERIFIED_PER_SITE_AUDIT,OSLO_WAVE_1_CANDIDATE,REFERENCE_REQUIRES_FIGMA_APPROVAL,false,false,false,false,22,0
design_handoff_huddle_web/RenewListing.dc.html,RenewListing,ROUTE_SCREEN_OR_STATE,HTML-210,true,RenewListing.dc.html,/app/seller/listings,FILENAME_AND_CONTENT_INFERENCE,LEGACY_OR_UNVERIFIED_PER_SITE_AUDIT,LATER,DUPLICATE_RETAIN_FOR_TRACEABILITY,false,false,false,false,22,0
design_handoff_huddle_web/ReturnRefundRequest.dc.html,ReturnRefundRequest,ROUTE_SCREEN_OR_STATE,HTML-048,true,ReturnRefundRequest.dc.html,/app/orders,FILENAME_AND_CONTENT_INFERENCE,LEGACY_OR_UNVERIFIED_PER_SITE_AUDIT,LATER,DUPLICATE_RETAIN_FOR_TRACEABILITY,false,false,false,false,27,0
design_handoff_huddle_web/Returns.dc.html,Returns,ROUTE_SCREEN_OR_STATE,HTML-204,true,Returns.dc.html,/app/orders,FILENAME_AND_CONTENT_INFERENCE,LEGACY_OR_UNVERIFIED_PER_SITE_AUDIT,LATER,DUPLICATE_RETAIN_FOR_TRACEABILITY,false,false,false,false,16,7
design_handoff_huddle_web/SafetyPrivacy.dc.html,SafetyPrivacy,ROUTE_SCREEN_OR_STATE,HTML-002,true,SafetyPrivacy.dc.html,/safety | /privacy | /app/safety | /app/privacy,EXPLICIT_PROJECT_COVERAGE,LEGACY_OR_UNVERIFIED_PER_SITE_AUDIT,OSLO_WAVE_1_CANDIDATE,DUPLICATE_RETAIN_FOR_TRACEABILITY,false,false,false,false,62,33
design_handoff_huddle_web/SavedItems.dc.html,SavedItems,ROUTE_SCREEN_OR_STATE,HTML-223,false,design_handoff_huddle_web/SavedItems.dc.html,/app/saved,EXPLICIT_PROJECT_COVERAGE,LEGACY_OR_UNVERIFIED_PER_SITE_AUDIT,OSLO_WAVE_1_CANDIDATE,REFERENCE_REQUIRES_FIGMA_APPROVAL,false,false,false,false,19,13
design_handoff_huddle_web/SavedPosts.dc.html,SavedPosts,ROUTE_SCREEN_OR_STATE,HTML-086,true,SavedPosts.dc.html,/app/saved | /app/community,FILENAME_AND_CONTENT_INFERENCE,LEGACY_OR_UNVERIFIED_PER_SITE_AUDIT,OSLO_WAVE_1_CANDIDATE,DUPLICATE_RETAIN_FOR_TRACEABILITY,false,false,false,false,13,4
design_handoff_huddle_web/SearchResults.dc.html,SearchResults,ROUTE_SCREEN_OR_STATE,HTML-119,true,SearchResults.dc.html,/app/search,EXPLICIT_PROJECT_COVERAGE,LEGACY_OR_UNVERIFIED_PER_SITE_AUDIT,OSLO_WAVE_1_CANDIDATE,DUPLICATE_RETAIN_FOR_TRACEABILITY,false,false,false,false,23,16
design_handoff_huddle_web/SellerPickupConfirmation.dc.html,SellerPickupConfirmation,ROUTE_SCREEN_OR_STATE,HTML-136,true,SellerPickupConfirmation.dc.html,/app/seller/orders,FILENAME_AND_CONTENT_INFERENCE,LEGACY_OR_UNVERIFIED_PER_SITE_AUDIT,LATER,DUPLICATE_RETAIN_FOR_TRACEABILITY,false,false,false,false,28,0
design_handoff_huddle_web/SellerRatings.dc.html,SellerRatings,ROUTE_SCREEN_OR_STATE,HTML-003,true,SellerRatings.dc.html,/app/seller,FILENAME_AND_CONTENT_INFERENCE,LEGACY_OR_UNVERIFIED_PER_SITE_AUDIT,LATER,DUPLICATE_RETAIN_FOR_TRACEABILITY,false,false,false,false,27,8
design_handoff_huddle_web/SellerReservationDetail.dc.html,SellerReservationDetail,ROUTE_SCREEN_OR_STATE,HTML-185,false,design_handoff_huddle_web/SellerReservationDetail.dc.html,/app/seller/orders,EXPLICIT_PROJECT_COVERAGE,LEGACY_OR_UNVERIFIED_PER_SITE_AUDIT,LATER,REFERENCE_REQUIRES_FIGMA_APPROVAL,false,false,false,false,25,3
design_handoff_huddle_web/ServiceCategories.dc.html,ServiceCategories,ROUTE_SCREEN_OR_STATE,HTML-129,true,ServiceCategories.dc.html,/services,FILENAME_AND_CONTENT_INFERENCE,LEGACY_OR_UNVERIFIED_PER_SITE_AUDIT,LATER,DUPLICATE_RETAIN_FOR_TRACEABILITY,false,false,false,false,10,4
design_handoff_huddle_web/ServiceDetails.dc.html,ServiceDetails,ROUTE_SCREEN_OR_STATE,HTML-053,true,ServiceDetails.dc.html,/services/[serviceId],EXPLICIT_PROJECT_COVERAGE,LEGACY_OR_UNVERIFIED_PER_SITE_AUDIT,LATER,DUPLICATE_RETAIN_FOR_TRACEABILITY,false,false,false,false,39,12
design_handoff_huddle_web/ServiceListings.dc.html,ServiceListings,ROUTE_SCREEN_OR_STATE,HTML-221,false,design_handoff_huddle_web/ServiceListings.dc.html,/app/services | /services,EXPLICIT_PROJECT_COVERAGE,LEGACY_OR_UNVERIFIED_PER_SITE_AUDIT,LATER,REFERENCE_REQUIRES_FIGMA_APPROVAL,false,false,false,false,16,16
design_handoff_huddle_web/Services.dc.html,Services,ROUTE_SCREEN_OR_STATE,HTML-107,true,Services.dc.html,/services,EXPLICIT_PROJECT_COVERAGE,LEGACY_OR_UNVERIFIED_PER_SITE_AUDIT,LATER,DUPLICATE_RETAIN_FOR_TRACEABILITY,false,false,false,false,48,23
design_handoff_huddle_web/ServicesHome.dc.html,ServicesHome,ROUTE_SCREEN_OR_STATE,HTML-011,true,ServicesHome.dc.html,/services,EXPLICIT_PROJECT_COVERAGE,LEGACY_OR_UNVERIFIED_PER_SITE_AUDIT,LATER,DUPLICATE_RETAIN_FOR_TRACEABILITY,false,false,false,false,74,34
design_handoff_huddle_web/Settings.dc.html,Settings,ROUTE_SCREEN_OR_STATE,HTML-154,true,Settings.dc.html,/app/settings,EXPLICIT_PROJECT_COVERAGE,LEGACY_OR_UNVERIFIED_PER_SITE_AUDIT,LATER,DUPLICATE_RETAIN_FOR_TRACEABILITY,false,false,false,false,31,12
design_handoff_huddle_web/ShippingDelivery.dc.html,ShippingDelivery,ROUTE_SCREEN_OR_STATE,HTML-206,true,ShippingDelivery.dc.html,/app/orders,FILENAME_AND_CONTENT_INFERENCE,LEGACY_OR_UNVERIFIED_PER_SITE_AUDIT,LATER,DUPLICATE_RETAIN_FOR_TRACEABILITY,false,false,false,false,12,7
design_handoff_huddle_web/SignUp.dc.html,SignUp,ROUTE_SCREEN_OR_STATE,HTML-169,true,SignUp.dc.html,/signup,EXPLICIT_PROJECT_COVERAGE,LEGACY_OR_UNVERIFIED_PER_SITE_AUDIT,OSLO_WAVE_1_CANDIDATE,DUPLICATE_RETAIN_FOR_TRACEABILITY,false,false,false,false,20,0
design_handoff_huddle_web/SiteAudit.dc.html,SiteAudit,AUDIT_META,HTML-095,true,SiteAudit.dc.html,,FILENAME_AND_CONTENT_INFERENCE,N_A,UNMAPPED,DUPLICATE_RETAIN_FOR_TRACEABILITY,false,false,false,true,45,19
design_handoff_huddle_web/SiteFooter.dc.html,SiteFooter,SHARED_COMPONENT,HTML-016,true,SiteFooter.dc.html,,COMPONENT_CLASSIFICATION,N_A,UNMAPPED,DUPLICATE_RETAIN_FOR_TRACEABILITY,false,false,false,false,49,10
design_handoff_huddle_web/SiteHeader.dc.html,SiteHeader,SHARED_COMPONENT,HTML-225,true,Header.dc.html,,COMPONENT_CLASSIFICATION,N_A,UNMAPPED,DUPLICATE_RETAIN_FOR_TRACEABILITY,false,false,false,false,25,9
design_handoff_huddle_web/StoreProfileSetup.dc.html,StoreProfileSetup,ROUTE_SCREEN_OR_STATE,HTML-163,false,design_handoff_huddle_web/StoreProfileSetup.dc.html,/app/partner/store,EXPLICIT_PROJECT_COVERAGE,LEGACY_OR_UNVERIFIED_PER_SITE_AUDIT,LATER,REFERENCE_REQUIRES_FIGMA_APPROVAL,false,false,false,false,23,10
design_handoff_huddle_web/StoreVerification.dc.html,StoreVerification,ROUTE_SCREEN_OR_STATE,HTML-207,false,design_handoff_huddle_web/StoreVerification.dc.html,/app/partner/store,FILENAME_AND_CONTENT_INFERENCE,LEGACY_OR_UNVERIFIED_PER_SITE_AUDIT,LATER,REFERENCE_REQUIRES_FIGMA_APPROVAL,false,false,false,false,22,10
design_handoff_huddle_web/TermsConditions.dc.html,TermsConditions,ROUTE_SCREEN_OR_STATE,HTML-093,true,TermsConditions.dc.html,/terms,EXPLICIT_PROJECT_COVERAGE,LEGACY_OR_UNVERIFIED_PER_SITE_AUDIT,LATER,DUPLICATE_RETAIN_FOR_TRACEABILITY,false,false,false,false,12,3
design_handoff_huddle_web/TicketConfirmation.dc.html,TicketConfirmation,ROUTE_SCREEN_OR_STATE,HTML-184,true,TicketConfirmation.dc.html,/app/events,FILENAME_AND_CONTENT_INFERENCE,LEGACY_OR_UNVERIFIED_PER_SITE_AUDIT,OSLO_WAVE_2_CANDIDATE,DUPLICATE_RETAIN_FOR_TRACEABILITY,false,false,false,false,23,0
design_handoff_huddle_web/UploadFeed.dc.html,UploadFeed,ROUTE_SCREEN_OR_STATE,HTML-217,false,design_handoff_huddle_web/UploadFeed.dc.html,/app/partner/feed,FILENAME_AND_CONTENT_INFERENCE,LEGACY_OR_UNVERIFIED_PER_SITE_AUDIT,LATER,REFERENCE_REQUIRES_FIGMA_APPROVAL,false,false,false,false,19,12
design_handoff_huddle_web/UserProfile.dc.html,UserProfile,ROUTE_SCREEN_OR_STATE,HTML-001,false,design_handoff_huddle_web/UserProfile.dc.html,/app/account,EXPLICIT_PROJECT_COVERAGE,LEGACY_OR_UNVERIFIED_PER_SITE_AUDIT,LATER,REFERENCE_REQUIRES_FIGMA_APPROVAL,false,false,false,false,18,8
design_handoff_huddle_web/VerifyIdentity.dc.html,VerifyIdentity,ROUTE_SCREEN_OR_STATE,HTML-061,true,VerifyIdentity.dc.html,/verify,EXPLICIT_PROJECT_COVERAGE,LEGACY_OR_UNVERIFIED_PER_SITE_AUDIT,OSLO_WAVE_1_CANDIDATE,DUPLICATE_RETAIN_FOR_TRACEABILITY,false,false,false,true,20,3
