surface,route,domain,owner_module,priority,canonical_source_sets,project_coverage_claim,project_coverage_named_mockups,matched_claude_candidates,matched_html_file_count,current_figma_status,figma_page,figma_node_ids,current_react_status,react_entry,canonicalization_status,discrepancy_flags,proposed_delivery_wave,next_action
public,/,Marketing,PublicWeb,P0,set1,DONE,Home,Home,2,PRODUCTION,10_Website Desktop | 11_Website Mobile,68:273 | 84:432 | 85:1298,PLACEHOLDER,src/app/(public)/page.tsx,PRODUCTION_APPROVED,,OSLO_WAVE_1_CANDIDATE,IMPLEMENT_FROM_APPROVED_FIGMA_WHEN_TASK_GATE_ALLOWS
public,/marketplace,Marketplace discovery,Listings/Catalog,P0,set36/49,DONE,Marketplace,Marketplace,2,UNDECIDED,,,PLACEHOLDER,src/app/(public)/marketplace/page.tsx,REFERENCE_CANDIDATE_PRESENT,MOCKUP_CLAIM_NOT_PRODUCTION_APPROVAL,LATER,RECONCILE_IN_FIGMA_AND_RECORD_NODE_IDS
public,/marketplace/listings/[listingId],P2P listing,Listings,P0,set36,PARTIAL,ListingReview,ListingReview,2,UNDECIDED,,,PLACEHOLDER,src/app/(public)/marketplace/listings/[listingId]/page.tsx,REFERENCE_CANDIDATE_PRESENT,PARTIAL_OR_SHARED_PATTERN_ONLY,LATER,RECONCILE_IN_FIGMA_AND_RECORD_NODE_IDS
public,/marketplace/products/[productId],Product catalog,Catalog,P1,set49,DONE,ProductDetail,ProductDetail,1,NOT_IN_SCREEN_REGISTRY,,,NOT_IN_SCREEN_REGISTRY,,REFERENCE_CANDIDATE_PRESENT,MOCKUP_CLAIM_NOT_PRODUCTION_APPROVAL,LATER,RECONCILE_IN_FIGMA_AND_RECORD_NODE_IDS
public,/events,Events discovery,Experiences,P0,set37,DONE,Events,Events | Events Discover | Events Grid | Huddle Events,7,UNDECIDED,,,PLACEHOLDER,src/app/(public)/events/page.tsx,REFERENCE_CANDIDATE_PRESENT,MOCKUP_CLAIM_NOT_PRODUCTION_APPROVAL,OSLO_WAVE_2_CANDIDATE,RECONCILE_IN_FIGMA_AND_RECORD_NODE_IDS
public,/events/[eventId],Event detail,Experiences,P0,set37,DONE,EventDetails,EventDetails,2,UNDECIDED,,,PLACEHOLDER,src/app/(public)/events/[eventId]/page.tsx,REFERENCE_CANDIDATE_PRESENT,MOCKUP_CLAIM_NOT_PRODUCTION_APPROVAL,OSLO_WAVE_2_CANDIDATE,RECONCILE_IN_FIGMA_AND_RECORD_NODE_IDS
public,/activities,Activities discovery,Experiences,P0,set18/37,DONE,Activities,Activities,2,PRODUCTION,12_Product Screens,132:2 | 132:173 | 133:236 | 133:429,PLACEHOLDER,src/app/(public)/activities/page.tsx,PRODUCTION_APPROVED,,OSLO_WAVE_1_CANDIDATE,IMPLEMENT_FROM_APPROVED_FIGMA_WHEN_TASK_GATE_ALLOWS
public,/activities/[activityId],Activity detail,Experiences,P1,set3/18,DONE,ActivityDetail,ActivityDetail,1,PRODUCTION,12_Product Screens,134:618 | 134:780,NOT_STARTED,src/app/(public)/activities/[activityId]/page.tsx,PRODUCTION_APPROVED,,OSLO_WAVE_1_CANDIDATE,IMPLEMENT_FROM_APPROVED_FIGMA_WHEN_TASK_GATE_ALLOWS
public,/services,Services discovery,Services,P1,set40/47,DONE,ServicesHome,ServiceCategories | ServiceListings | Services | ServicesHome,8,NOT_IN_SCREEN_REGISTRY,,,NOT_IN_SCREEN_REGISTRY,,REFERENCE_CANDIDATE_PRESENT,MOCKUP_CLAIM_NOT_PRODUCTION_APPROVAL,LATER,RECONCILE_IN_FIGMA_AND_RECORD_NODE_IDS
public,/services/[serviceId],Service detail,Services,P1,set40/47,DONE,ServiceDetails,ServiceDetails,2,NOT_IN_SCREEN_REGISTRY,,,NOT_IN_SCREEN_REGISTRY,,REFERENCE_CANDIDATE_PRESENT,MOCKUP_CLAIM_NOT_PRODUCTION_APPROVAL,LATER,RECONCILE_IN_FIGMA_AND_RECORD_NODE_IDS
public,/experts/[expertId],Expert profile,Expert,P1,set21/40,DONE,ExpertDetail,ExpertDetail,1,NOT_IN_SCREEN_REGISTRY,,,NOT_IN_SCREEN_REGISTRY,,REFERENCE_CANDIDATE_PRESENT,MOCKUP_CLAIM_NOT_PRODUCTION_APPROVAL,LATER,RECONCILE_IN_FIGMA_AND_RECORD_NODE_IDS
public,/safety,Safety,TrustSafety,P0,Sprint0/set52,PARTIAL,SafetyPrivacy,SafetyPrivacy,2,UNDECIDED,,,PLACEHOLDER,src/app/(public)/safety/page.tsx,REFERENCE_CANDIDATE_PRESENT,PARTIAL_OR_SHARED_PATTERN_ONLY,OSLO_WAVE_1_CANDIDATE,RECONCILE_IN_FIGMA_AND_RECORD_NODE_IDS
public,/privacy,Privacy,Privacy,P0,Sprint0/set30/60,PARTIAL,SafetyPrivacy,CookieSettings | SafetyPrivacy,4,UNDECIDED,,,PLACEHOLDER,src/app/(public)/privacy/page.tsx,REFERENCE_CANDIDATE_PRESENT,PARTIAL_OR_SHARED_PATTERN_ONLY,OSLO_WAVE_1_CANDIDATE,RECONCILE_IN_FIGMA_AND_RECORD_NODE_IDS
public,/terms,Terms,Terms,P0,set30,DONE,TermsConditions,TermsConditions,2,UNDECIDED,,,PLACEHOLDER,src/app/(public)/terms/page.tsx,REFERENCE_CANDIDATE_PRESENT,MOCKUP_CLAIM_NOT_PRODUCTION_APPROVAL,LATER,RECONCILE_IN_FIGMA_AND_RECORD_NODE_IDS
public,/community-guidelines,Guidelines,Guidelines,P0,set30/35/38,DONE,CommunityGuidelines,CommunityGuidelines,2,UNDECIDED,,,PLACEHOLDER,src/app/(public)/community-guidelines/page.tsx,REFERENCE_CANDIDATE_PRESENT,MOCKUP_CLAIM_NOT_PRODUCTION_APPROVAL,OSLO_WAVE_1_CANDIDATE,RECONCILE_IN_FIGMA_AND_RECORD_NODE_IDS
public,/family-guides/[stage],Age-stage guides,Age-stage,P1,Sprint0/set42,MISSING,—,FamilyGuideDetail,1,NOT_IN_SCREEN_REGISTRY,,,NOT_IN_SCREEN_REGISTRY,,REFERENCE_CANDIDATE_PRESENT,PROJECT_COVERAGE_STALE_CANDIDATE_NOW_PRESENT,LATER,RECONCILE_IN_FIGMA_AND_RECORD_NODE_IDS
public,/seasonal-guides/[slug],Seasonal guides,Seasonal,P1,Sprint0/set42,MISSING,—,SeasonalGuideDetail,1,NOT_IN_SCREEN_REGISTRY,,,NOT_IN_SCREEN_REGISTRY,,REFERENCE_CANDIDATE_PRESENT,PROJECT_COVERAGE_STALE_CANDIDATE_NOW_PRESENT,LATER,RECONCILE_IN_FIGMA_AND_RECORD_NODE_IDS
public,/cities/[citySlug],City landing,City,P1,set41/59,MISSING,—,,0,NOT_IN_SCREEN_REGISTRY,,,NOT_IN_SCREEN_REGISTRY,,DESIGN_GAP,,LATER,DESIGN_RESPONSIVE_STATES_IN_FIGMA
public,/cities/[citySlug]/activities,City activities SEO,City,P1,set41/59,MISSING,—,,0,NOT_IN_SCREEN_REGISTRY,,,NOT_IN_SCREEN_REGISTRY,,DESIGN_GAP,,LATER,DESIGN_RESPONSIVE_STATES_IN_FIGMA
public,/cities/[citySlug]/events,City events SEO,City,P1,set41/59,MISSING,—,,0,NOT_IN_SCREEN_REGISTRY,,,NOT_IN_SCREEN_REGISTRY,,DESIGN_GAP,,LATER,DESIGN_RESPONSIVE_STATES_IN_FIGMA
public,/cities/[citySlug]/marketplace,City marketplace SEO,City,P1,set41/59,MISSING,—,,0,NOT_IN_SCREEN_REGISTRY,,,NOT_IN_SCREEN_REGISTRY,,DESIGN_GAP,,LATER,DESIGN_RESPONSIVE_STATES_IN_FIGMA
public,/cities/[citySlug]/services,City services SEO,City,P1,set41/59,MISSING,—,,0,NOT_IN_SCREEN_REGISTRY,,,NOT_IN_SCREEN_REGISTRY,,DESIGN_GAP,,LATER,DESIGN_RESPONSIVE_STATES_IN_FIGMA
auth,/signup,Sign up,Sign,P0,set35 + Sprint0,DONE,SignUp,SignUp,2,UNDECIDED,,,PLACEHOLDER,src/app/(auth)/signup/page.tsx,REFERENCE_CANDIDATE_PRESENT,MOCKUP_CLAIM_NOT_PRODUCTION_APPROVAL,OSLO_WAVE_1_CANDIDATE,RECONCILE_IN_FIGMA_AND_RECORD_NODE_IDS
auth,/login,Login,Login,P0,set35 + Sprint0,DONE,Login,Login,2,UNDECIDED,,,PLACEHOLDER,src/app/(auth)/login/page.tsx,REFERENCE_CANDIDATE_PRESENT,MOCKUP_CLAIM_NOT_PRODUCTION_APPROVAL,OSLO_WAVE_1_CANDIDATE,RECONCILE_IN_FIGMA_AND_RECORD_NODE_IDS
auth,/forgot-password,Password recovery,Password,P0,set35 + Sprint0,DONE,ForgotPassword,ForgotPassword,2,UNDECIDED,,,PLACEHOLDER,src/app/(auth)/forgot-password/page.tsx,REFERENCE_CANDIDATE_PRESENT,MOCKUP_CLAIM_NOT_PRODUCTION_APPROVAL,OSLO_WAVE_1_CANDIDATE,RECONCILE_IN_FIGMA_AND_RECORD_NODE_IDS
auth,/verify,Identity verification,Identity,P0,set35 + Sprint0,DONE,VerifyIdentity,VerifyIdentity,2,UNDECIDED,,,PLACEHOLDER,src/app/(auth)/verify/page.tsx,REFERENCE_CANDIDATE_PRESENT,MOCKUP_CLAIM_NOT_PRODUCTION_APPROVAL,OSLO_WAVE_1_CANDIDATE,RECONCILE_IN_FIGMA_AND_RECORD_NODE_IDS
auth,/onboarding,Onboarding entry,Onboarding,P0,set35 + Sprint0,DONE,Onboarding,ChooseAccountType | Onboarding,4,UNDECIDED,,,PLACEHOLDER,src/app/(auth)/onboarding/page.tsx,REFERENCE_CANDIDATE_PRESENT,MOCKUP_CLAIM_NOT_PRODUCTION_APPROVAL,OSLO_WAVE_1_CANDIDATE,RECONCILE_IN_FIGMA_AND_RECORD_NODE_IDS
auth,/onboarding/family,Family profile,Family,P0,set35 + Sprint0,PARTIAL,Onboarding,Onboarding,2,UNDECIDED,,,PLACEHOLDER,src/app/(auth)/onboarding/family/page.tsx,REFERENCE_CANDIDATE_PRESENT,PARTIAL_OR_SHARED_PATTERN_ONLY,OSLO_WAVE_1_CANDIDATE,RECONCILE_IN_FIGMA_AND_RECORD_NODE_IDS
auth,/onboarding/children,Children,Children,P0,set35 + Sprint0,PARTIAL,Onboarding,Onboarding,2,UNDECIDED,,,PLACEHOLDER,src/app/(auth)/onboarding/children/page.tsx,REFERENCE_CANDIDATE_PRESENT,PARTIAL_OR_SHARED_PATTERN_ONLY,OSLO_WAVE_1_CANDIDATE,RECONCILE_IN_FIGMA_AND_RECORD_NODE_IDS
auth,/onboarding/interests,Interests,Interests,P0,set35 + Sprint0,PARTIAL,Onboarding,Onboarding,2,UNDECIDED,,,PLACEHOLDER,src/app/(auth)/onboarding/interests/page.tsx,REFERENCE_CANDIDATE_PRESENT,PARTIAL_OR_SHARED_PATTERN_ONLY,OSLO_WAVE_1_CANDIDATE,RECONCILE_IN_FIGMA_AND_RECORD_NODE_IDS
auth,/onboarding/location,Location/privacy,Location,P0,set35 + Sprint0,PARTIAL,Onboarding,Onboarding,2,UNDECIDED,,,PLACEHOLDER,src/app/(auth)/onboarding/location/page.tsx,REFERENCE_CANDIDATE_PRESENT,PARTIAL_OR_SHARED_PATTERN_ONLY,OSLO_WAVE_1_CANDIDATE,RECONCILE_IN_FIGMA_AND_RECORD_NODE_IDS
auth,/onboarding/consent,Consent,Consent,P0,set35 + Sprint0,PARTIAL,Onboarding,Onboarding,2,UNDECIDED,,,PLACEHOLDER,src/app/(auth)/onboarding/consent/page.tsx,REFERENCE_CANDIDATE_PRESENT,PARTIAL_OR_SHARED_PATTERN_ONLY,OSLO_WAVE_1_CANDIDATE,RECONCILE_IN_FIGMA_AND_RECORD_NODE_IDS
app,/app,Home shell,Home,P0,set39,DONE,ParentDashboard,ParentDashboard,2,UNDECIDED,,,PLACEHOLDER,src/app/(app)/app/page.tsx,REFERENCE_CANDIDATE_PRESENT,MOCKUP_CLAIM_NOT_PRODUCTION_APPROVAL,OSLO_WAVE_1_CANDIDATE,RECONCILE_IN_FIGMA_AND_RECORD_NODE_IDS
app,/app/search,Global search,Search,P0,Sprint0/set39,DONE,SearchResults,SearchResults,2,UNDECIDED,,,PLACEHOLDER,src/app/(app)/app/search/page.tsx,REFERENCE_CANDIDATE_PRESENT,MOCKUP_CLAIM_NOT_PRODUCTION_APPROVAL,OSLO_WAVE_1_CANDIDATE,RECONCILE_IN_FIGMA_AND_RECORD_NODE_IDS
app,/app/saved,Saved hub,Saved,P0,Sprint0/set39,DONE,SavedItems,SavedItems | SavedPosts,4,UNDECIDED,,,PLACEHOLDER,src/app/(app)/app/saved/page.tsx,REFERENCE_CANDIDATE_PRESENT,MOCKUP_CLAIM_NOT_PRODUCTION_APPROVAL,OSLO_WAVE_1_CANDIDATE,RECONCILE_IN_FIGMA_AND_RECORD_NODE_IDS
app,/app/notifications,Notifications,Notifications,P0,set39/44,DONE,Notifications,Notifications,2,UNDECIDED,,,PLACEHOLDER,src/app/(app)/app/notifications/page.tsx,REFERENCE_CANDIDATE_PRESENT,MOCKUP_CLAIM_NOT_PRODUCTION_APPROVAL,OSLO_WAVE_2_CANDIDATE,RECONCILE_IN_FIGMA_AND_RECORD_NODE_IDS
app,/app/messages,Messaging inbox,Messaging,P0,set44,DONE,Messages,Messages,2,UNDECIDED,,,PLACEHOLDER,src/app/(app)/app/messages/page.tsx,REFERENCE_CANDIDATE_PRESENT,MOCKUP_CLAIM_NOT_PRODUCTION_APPROVAL,OSLO_WAVE_2_CANDIDATE,RECONCILE_IN_FIGMA_AND_RECORD_NODE_IDS
app,/app/messages/[conversationId],Conversation,Conversation,P0,set44,DONE,Messages,Messages,2,UNDECIDED,,,PLACEHOLDER,src/app/(app)/app/messages/[conversationId]/page.tsx,REFERENCE_CANDIDATE_PRESENT,MOCKUP_CLAIM_NOT_PRODUCTION_APPROVAL,OSLO_WAVE_2_CANDIDATE,RECONCILE_IN_FIGMA_AND_RECORD_NODE_IDS
app,/app/account,Account,Account,P0,Sprint0/set46,DONE,UserProfile,UserProfile,2,UNDECIDED,,,PLACEHOLDER,src/app/(app)/app/account/page.tsx,REFERENCE_CANDIDATE_PRESENT,MOCKUP_CLAIM_NOT_PRODUCTION_APPROVAL,LATER,RECONCILE_IN_FIGMA_AND_RECORD_NODE_IDS
app,/app/settings,Settings,Settings,P0,set60,DONE,Settings,Settings,2,UNDECIDED,,,PLACEHOLDER,src/app/(app)/app/settings/page.tsx,REFERENCE_CANDIDATE_PRESENT,MOCKUP_CLAIM_NOT_PRODUCTION_APPROVAL,LATER,RECONCILE_IN_FIGMA_AND_RECORD_NODE_IDS
app,/app/family,Family profile,Family,P0,set46,PARTIAL,FamilyMatching,FamilyMatching,2,UNDECIDED,,,PLACEHOLDER,src/app/(app)/app/family/page.tsx,REFERENCE_CANDIDATE_PRESENT,PARTIAL_OR_SHARED_PATTERN_ONLY,OSLO_WAVE_2_CANDIDATE,RECONCILE_IN_FIGMA_AND_RECORD_NODE_IDS
app,/app/family/members,Family members,Family,P0,set7/46,DONE,FamilyMembers,FamilyMembers,2,UNDECIDED,,,PLACEHOLDER,src/app/(app)/app/family/members/page.tsx,REFERENCE_CANDIDATE_PRESENT,MOCKUP_CLAIM_NOT_PRODUCTION_APPROVAL,OSLO_WAVE_2_CANDIDATE,RECONCILE_IN_FIGMA_AND_RECORD_NODE_IDS
app,/app/connections,Connections,Connections,P0,set46,DONE,FamilyMatching / FamilyMatchDetail,FamilyMatchDetail | FamilyMatching,4,UNDECIDED,,,PLACEHOLDER,src/app/(app)/app/connections/page.tsx,REFERENCE_CANDIDATE_PRESENT,MOCKUP_CLAIM_NOT_PRODUCTION_APPROVAL,OSLO_WAVE_2_CANDIDATE,RECONCILE_IN_FIGMA_AND_RECORD_NODE_IDS
app,/app/matching,Family matching,Family,P1,set2/55,DONE,FamilyMatching,FamilyMatchDetail | FamilyMatching,4,NOT_IN_SCREEN_REGISTRY,,,NOT_IN_SCREEN_REGISTRY,,REFERENCE_CANDIDATE_PRESENT,MOCKUP_CLAIM_NOT_PRODUCTION_APPROVAL,LATER,RECONCILE_IN_FIGMA_AND_RECORD_NODE_IDS
app,/app/community,Community home,Community,P0,set38/45,DONE,Community,Albums | Community | CreatePost | Feed | PostDetails | PostSettings | SavedPosts,14,UNDECIDED,,,PLACEHOLDER,src/app/(app)/app/community/page.tsx,REFERENCE_CANDIDATE_PRESENT,MOCKUP_CLAIM_NOT_PRODUCTION_APPROVAL,OSLO_WAVE_2_CANDIDATE,RECONCILE_IN_FIGMA_AND_RECORD_NODE_IDS
app,/app/groups,Groups directory,Groups,P1,set53,DONE,MyGroupsList,CreateGroupBasicInfo | CreateGroupCoverDetails | CreateGroupInviteMembers | CreateGroupReview | CreateGroupSettings | GroupCreatedSuccess | MyGroupsList,14,NOT_IN_SCREEN_REGISTRY,,,NOT_IN_SCREEN_REGISTRY,,REFERENCE_CANDIDATE_PRESENT,MOCKUP_CLAIM_NOT_PRODUCTION_APPROVAL,LATER,RECONCILE_IN_FIGMA_AND_RECORD_NODE_IDS
app,/app/groups/[groupId],Group detail,Group,P1,set53,DONE,GroupFeed,GroupFeed | GroupMembers | GroupSettings,6,NOT_IN_SCREEN_REGISTRY,,,NOT_IN_SCREEN_REGISTRY,,REFERENCE_CANDIDATE_PRESENT,MOCKUP_CLAIM_NOT_PRODUCTION_APPROVAL,LATER,RECONCILE_IN_FIGMA_AND_RECORD_NODE_IDS
app,/app/calendar,Family calendar,Family,P1,set6/10,MISSING,—,Calendar,1,NOT_IN_SCREEN_REGISTRY,,,NOT_IN_SCREEN_REGISTRY,,REFERENCE_CANDIDATE_PRESENT,PROJECT_COVERAGE_STALE_CANDIDATE_NOW_PRESENT,OSLO_WAVE_1_CANDIDATE,RECONCILE_IN_FIGMA_AND_RECORD_NODE_IDS
app,/app/marketplace,Marketplace,Listings/Catalog,P0,Sprint0/set36,DONE,MyListings,MyListings,2,UNDECIDED,,,PLACEHOLDER,src/app/(app)/app/marketplace/page.tsx,REFERENCE_CANDIDATE_PRESENT,MOCKUP_CLAIM_NOT_PRODUCTION_APPROVAL,LATER,RECONCILE_IN_FIGMA_AND_RECORD_NODE_IDS
app,/app/marketplace/listings,My listings,My,P1,set13,DONE,MyListings,CreateListing | CreateListingStep2 | EditListing | ListingPublished | ListingReview | MyListings,12,NOT_IN_SCREEN_REGISTRY,,,NOT_IN_SCREEN_REGISTRY,,REFERENCE_CANDIDATE_PRESENT,MOCKUP_CLAIM_NOT_PRODUCTION_APPROVAL,LATER,RECONCILE_IN_FIGMA_AND_RECORD_NODE_IDS
app,/app/orders,Orders,Orders,P1,set43/49,PARTIAL,OrderTracking,CancelOrder | Cart | DeliveryTracking | DisputeReport | OrderConfirmation | OrderTracking | PickupScheduling | ReturnRefundRequest | Returns | ShippingDelivery,20,NOT_IN_SCREEN_REGISTRY,,,NOT_IN_SCREEN_REGISTRY,,REFERENCE_CANDIDATE_PRESENT,PARTIAL_OR_SHARED_PATTERN_ONLY,LATER,RECONCILE_IN_FIGMA_AND_RECORD_NODE_IDS
app,/app/events,Events,Experiences,P0,Sprint0/set37,DONE,MyEventsList,MyEventsList | MyTicketQR | TicketConfirmation,6,UNDECIDED,,,PLACEHOLDER,src/app/(app)/app/events/page.tsx,REFERENCE_CANDIDATE_PRESENT,MOCKUP_CLAIM_NOT_PRODUCTION_APPROVAL,OSLO_WAVE_2_CANDIDATE,RECONCILE_IN_FIGMA_AND_RECORD_NODE_IDS
app,/app/activities,Activities,Experiences,P0,set18/37,DONE,MyActivitiesList,MyActivitiesList,2,UNDECIDED,,,PLACEHOLDER,src/app/(app)/app/activities/page.tsx,REFERENCE_CANDIDATE_PRESENT,MOCKUP_CLAIM_NOT_PRODUCTION_APPROVAL,OSLO_WAVE_1_CANDIDATE,RECONCILE_IN_FIGMA_AND_RECORD_NODE_IDS
app,/app/services,Services,Services,P1,set40/47,DONE,ServiceListings,ServiceListings,2,NOT_IN_SCREEN_REGISTRY,,,NOT_IN_SCREEN_REGISTRY,,REFERENCE_CANDIDATE_PRESENT,MOCKUP_CLAIM_NOT_PRODUCTION_APPROVAL,LATER,RECONCILE_IN_FIGMA_AND_RECORD_NODE_IDS
app,/app/bookings,Bookings,Bookings,P1,set40/47,DONE,MyBookings,BookAppointment | BookingCancellation | BookingConfirmation | BookingDetails | BookingReschedule | MyBookings,12,NOT_IN_SCREEN_REGISTRY,,,NOT_IN_SCREEN_REGISTRY,,REFERENCE_CANDIDATE_PRESENT,MOCKUP_CLAIM_NOT_PRODUCTION_APPROVAL,LATER,RECONCILE_IN_FIGMA_AND_RECORD_NODE_IDS
app,/app/wallet,Wallet,Payments,P1,set8,MISSING,—,Wallet,1,NOT_IN_SCREEN_REGISTRY,,,NOT_IN_SCREEN_REGISTRY,,REFERENCE_CANDIDATE_PRESENT,PROJECT_COVERAGE_STALE_CANDIDATE_NOW_PRESENT,LATER,RECONCILE_IN_FIGMA_AND_RECORD_NODE_IDS
app,/app/privacy,Privacy center,Privacy,P0,Sprint0/set60,PARTIAL,SafetyPrivacy,CookieSettings | SafetyPrivacy,4,UNDECIDED,,,PLACEHOLDER,src/app/(app)/app/privacy/page.tsx,REFERENCE_CANDIDATE_PRESENT,PARTIAL_OR_SHARED_PATTERN_ONLY,OSLO_WAVE_1_CANDIDATE,RECONCILE_IN_FIGMA_AND_RECORD_NODE_IDS
app,/app/safety,Safety center,Safety,P0,Sprint0/set52,PARTIAL,SafetyPrivacy,SafetyPrivacy,2,UNDECIDED,,,PLACEHOLDER,src/app/(app)/app/safety/page.tsx,REFERENCE_CANDIDATE_PRESENT,PARTIAL_OR_SHARED_PATTERN_ONLY,OSLO_WAVE_1_CANDIDATE,RECONCILE_IN_FIGMA_AND_RECORD_NODE_IDS
app,/app/support,Support,Support,P1,set8,PARTIAL,HelpCenter / ContactUs,ContactUs | HelpCenter,4,NOT_IN_SCREEN_REGISTRY,,,NOT_IN_SCREEN_REGISTRY,,REFERENCE_CANDIDATE_PRESENT,PARTIAL_OR_SHARED_PATTERN_ONLY,LATER,RECONCILE_IN_FIGMA_AND_RECORD_NODE_IDS
app-role,/app/seller,Seller dashboard,Seller,P1,set13,DONE,MyListings / BuyerInquiries / SellerReservationDetail,MyListings | SellerRatings,4,NOT_IN_SCREEN_REGISTRY,,,NOT_IN_SCREEN_REGISTRY,,REFERENCE_CANDIDATE_PRESENT,MOCKUP_CLAIM_NOT_PRODUCTION_APPROVAL,LATER,RECONCILE_IN_FIGMA_AND_RECORD_NODE_IDS
app-role,/app/seller/listings,Seller listings,Seller,P1,set13,DONE,MyListings / BuyerInquiries / SellerReservationDetail,CreateListing | CreateListingStep2 | EditListing | ListingPublished | ListingReview | MarkAsSold | MyListings | PromoteListing | RenewListing,18,NOT_IN_SCREEN_REGISTRY,,,NOT_IN_SCREEN_REGISTRY,,REFERENCE_CANDIDATE_PRESENT,MOCKUP_CLAIM_NOT_PRODUCTION_APPROVAL,LATER,RECONCILE_IN_FIGMA_AND_RECORD_NODE_IDS
app-role,/app/seller/inquiries,Buyer inquiries,Buyer,P1,set13,DONE,MyListings / BuyerInquiries / SellerReservationDetail,BuyerInquiries,2,NOT_IN_SCREEN_REGISTRY,,,NOT_IN_SCREEN_REGISTRY,,REFERENCE_CANDIDATE_PRESENT,MOCKUP_CLAIM_NOT_PRODUCTION_APPROVAL,LATER,RECONCILE_IN_FIGMA_AND_RECORD_NODE_IDS
app-role,/app/seller/orders,Seller reservations/orders,Seller,P1,set12/13,DONE,MyListings / BuyerInquiries / SellerReservationDetail,PickupScheduling | SellerPickupConfirmation | SellerReservationDetail,6,NOT_IN_SCREEN_REGISTRY,,,NOT_IN_SCREEN_REGISTRY,,REFERENCE_CANDIDATE_PRESENT,MOCKUP_CLAIM_NOT_PRODUCTION_APPROVAL,LATER,RECONCILE_IN_FIGMA_AND_RECORD_NODE_IDS
app-role,/app/seller/payouts,Seller payouts,Seller,P2,set6/8,MISSING,—,,0,NOT_IN_SCREEN_REGISTRY,,,NOT_IN_SCREEN_REGISTRY,,DESIGN_GAP,,LATER,DESIGN_RESPONSIVE_STATES_IN_FIGMA
app-role,/app/organizer,Organizer dashboard,Organizer,P1,set3/57,DONE,EventRegistrations / ActivityRegistrations,ActivityRegistrations | EventRegistrations,4,NOT_IN_SCREEN_REGISTRY,,,NOT_IN_SCREEN_REGISTRY,,REFERENCE_CANDIDATE_PRESENT,MOCKUP_CLAIM_NOT_PRODUCTION_APPROVAL,OSLO_WAVE_1_CANDIDATE,RECONCILE_IN_FIGMA_AND_RECORD_NODE_IDS
app-role,/app/organizer/events,Organizer events,Organizer,P1,set17,DONE,EventRegistrations / ActivityRegistrations,CreateEventBasicInfo | CreateEventDescription | CreateEventLocation | CreateEventOrganizerContact | CreateEventReview | CreateEventTickets | EventPublished | MyEventsList,16,NOT_IN_SCREEN_REGISTRY,,,NOT_IN_SCREEN_REGISTRY,,REFERENCE_CANDIDATE_PRESENT,MOCKUP_CLAIM_NOT_PRODUCTION_APPROVAL,LATER,RECONCILE_IN_FIGMA_AND_RECORD_NODE_IDS
app-role,/app/organizer/activities,Organizer activities,Organizer,P1,set18,DONE,EventRegistrations / ActivityRegistrations,ActivityPublished | CreateActivityBasicInfo | CreateActivityDetails | CreateActivityLocation | CreateActivityMedia | CreateActivityReview | MyActivitiesList,14,NOT_IN_SCREEN_REGISTRY,,,NOT_IN_SCREEN_REGISTRY,,REFERENCE_CANDIDATE_PRESENT,MOCKUP_CLAIM_NOT_PRODUCTION_APPROVAL,OSLO_WAVE_1_CANDIDATE,RECONCILE_IN_FIGMA_AND_RECORD_NODE_IDS
app-role,/app/organizer/registrations,Registrations,Registrations,P1,set16/17,DONE,AttendeeDetail / OrganizerCheckInList / QRCheckInScanner,ActivityRegistrations | AttendeeDetail | EventRegistrations,6,NOT_IN_SCREEN_REGISTRY,,,NOT_IN_SCREEN_REGISTRY,,REFERENCE_CANDIDATE_PRESENT,MOCKUP_CLAIM_NOT_PRODUCTION_APPROVAL,OSLO_WAVE_1_CANDIDATE,RECONCILE_IN_FIGMA_AND_RECORD_NODE_IDS
app-role,/app/organizer/check-in,Check-in,Check-in,P1,set16/57,DONE,AttendeeDetail / OrganizerCheckInList / QRCheckInScanner,ActivityCheckIn | AttendeeDetail | MyTicketQR | OrganizerCheckInList | QRCheckInScanner,10,NOT_IN_SCREEN_REGISTRY,,,NOT_IN_SCREEN_REGISTRY,,REFERENCE_CANDIDATE_PRESENT,MOCKUP_CLAIM_NOT_PRODUCTION_APPROVAL,OSLO_WAVE_1_CANDIDATE,RECONCILE_IN_FIGMA_AND_RECORD_NODE_IDS
app-role,/app/organizer/analytics,Analytics,Analytics,P2,set3/17/18,DONE,EventAnalytics / ActivityAnalytics,ActivityAnalytics | EventAnalytics,4,NOT_IN_SCREEN_REGISTRY,,,NOT_IN_SCREEN_REGISTRY,,REFERENCE_CANDIDATE_PRESENT,MOCKUP_CLAIM_NOT_PRODUCTION_APPROVAL,LATER,RECONCILE_IN_FIGMA_AND_RECORD_NODE_IDS
app-role,/app/expert,Expert dashboard,Expert,P1,set21/57,MISSING,—,,0,NOT_IN_SCREEN_REGISTRY,,,NOT_IN_SCREEN_REGISTRY,,DESIGN_GAP,,LATER,DESIGN_RESPONSIVE_STATES_IN_FIGMA
app-role,/app/expert/profile,Expert profile,Expert,P1,set21,MISSING,—,,0,NOT_IN_SCREEN_REGISTRY,,,NOT_IN_SCREEN_REGISTRY,,DESIGN_GAP,,LATER,DESIGN_RESPONSIVE_STATES_IN_FIGMA
app-role,/app/expert/services,Service packages,Service,P1,set21,MISSING,—,,0,NOT_IN_SCREEN_REGISTRY,,,NOT_IN_SCREEN_REGISTRY,,DESIGN_GAP,,LATER,DESIGN_RESPONSIVE_STATES_IN_FIGMA
app-role,/app/expert/availability,Availability,Availability,P1,set21/57,MISSING,—,,0,NOT_IN_SCREEN_REGISTRY,,,NOT_IN_SCREEN_REGISTRY,,DESIGN_GAP,,LATER,DESIGN_RESPONSIVE_STATES_IN_FIGMA
app-role,/app/expert/bookings,Booking requests,Booking,P1,set21/57,PARTIAL,BookAppointment,BookAppointment | BookingDetails,4,NOT_IN_SCREEN_REGISTRY,,,NOT_IN_SCREEN_REGISTRY,,REFERENCE_CANDIDATE_PRESENT,PARTIAL_OR_SHARED_PATTERN_ONLY,LATER,RECONCILE_IN_FIGMA_AND_RECORD_NODE_IDS
app-role,/app/partner,Partner dashboard,Partner,P2,set4/57,DONE,PartnerOverview / StoreProfileSetup / ProductFeedSetup,PartnerApplication | PartnerOverview | PartnerStoresLanding,6,NOT_IN_SCREEN_REGISTRY,,,NOT_IN_SCREEN_REGISTRY,,REFERENCE_CANDIDATE_PRESENT,MOCKUP_CLAIM_NOT_PRODUCTION_APPROVAL,LATER,RECONCILE_IN_FIGMA_AND_RECORD_NODE_IDS
app-role,/app/partner/store,Store profile,Store,P2,set14,DONE,PartnerOverview / StoreProfileSetup / ProductFeedSetup,StoreProfileSetup | StoreVerification,4,NOT_IN_SCREEN_REGISTRY,,,NOT_IN_SCREEN_REGISTRY,,REFERENCE_CANDIDATE_PRESENT,MOCKUP_CLAIM_NOT_PRODUCTION_APPROVAL,LATER,RECONCILE_IN_FIGMA_AND_RECORD_NODE_IDS
app-role,/app/partner/feed,Product feed,Product,P2,set14,DONE,PartnerOverview / StoreProfileSetup / ProductFeedSetup,ApiConnection | FeedDiagnostics | ProductFeedSetup | UploadFeed,8,NOT_IN_SCREEN_REGISTRY,,,NOT_IN_SCREEN_REGISTRY,,REFERENCE_CANDIDATE_PRESENT,MOCKUP_CLAIM_NOT_PRODUCTION_APPROVAL,LATER,RECONCILE_IN_FIGMA_AND_RECORD_NODE_IDS
app-role,/app/partner/campaigns,Campaigns,Campaigns,P2,set15,PARTIAL,AffiliateTracking / PartnerAgreement,AffiliateTracking,2,NOT_IN_SCREEN_REGISTRY,,,NOT_IN_SCREEN_REGISTRY,,REFERENCE_CANDIDATE_PRESENT,PARTIAL_OR_SHARED_PATTERN_ONLY,LATER,RECONCILE_IN_FIGMA_AND_RECORD_NODE_IDS
app-role,/app/partner/billing,Billing/commission,Billing,P2,set4,PARTIAL,AffiliateTracking / PartnerAgreement,PartnerAgreement,2,NOT_IN_SCREEN_REGISTRY,,,NOT_IN_SCREEN_REGISTRY,,REFERENCE_CANDIDATE_PRESENT,PARTIAL_OR_SHARED_PATTERN_ONLY,LATER,RECONCILE_IN_FIGMA_AND_RECORD_NODE_IDS
app-role,/app/municipality,Municipality dashboard,Municipality,P2,set4/23,DONE,Municipality / MunicipalityDetail,Municipality,2,NOT_IN_SCREEN_REGISTRY,,,NOT_IN_SCREEN_REGISTRY,,REFERENCE_CANDIDATE_PRESENT,MOCKUP_CLAIM_NOT_PRODUCTION_APPROVAL,LATER,RECONCILE_IN_FIGMA_AND_RECORD_NODE_IDS
app-role,/app/municipality/programs,Public programs,Public,P2,set23,DONE,Municipality / MunicipalityDetail,MunicipalityDetail,2,NOT_IN_SCREEN_REGISTRY,,,NOT_IN_SCREEN_REGISTRY,,REFERENCE_CANDIDATE_PRESENT,MOCKUP_CLAIM_NOT_PRODUCTION_APPROVAL,LATER,RECONCILE_IN_FIGMA_AND_RECORD_NODE_IDS
app-role,/app/municipality/reports,Reporting,Reporting,P2,set23/55,DONE,AdminMunicipalityReports,AdminMunicipalityReports,1,NOT_IN_SCREEN_REGISTRY,,,NOT_IN_SCREEN_REGISTRY,,REFERENCE_CANDIDATE_PRESENT,MOCKUP_CLAIM_NOT_PRODUCTION_APPROVAL,LATER,RECONCILE_IN_FIGMA_AND_RECORD_NODE_IDS
app-role,/app/municipality/governance,Data scope,Data,P0,set23/63,DONE,MunicipalityGovernance,MunicipalityGovernance,2,UNDECIDED,,,PLACEHOLDER,src/app/(app)/app/municipality/governance/page.tsx,REFERENCE_CANDIDATE_PRESENT,MOCKUP_CLAIM_NOT_PRODUCTION_APPROVAL,LATER,RECONCILE_IN_FIGMA_AND_RECORD_NODE_IDS
admin,/admin,Admin dashboard,Admin,P0,Sprint0/set25,DONE,AdminDashboard,AdminDashboard,2,UNDECIDED,,,PLACEHOLDER,src/app/(admin)/admin/page.tsx,REFERENCE_CANDIDATE_PRESENT,MOCKUP_CLAIM_NOT_PRODUCTION_APPROVAL,LATER,RECONCILE_IN_FIGMA_AND_RECORD_NODE_IDS
admin,/admin/users,User management,User,P0,Sprint0/set25,DONE,AdminUsers,AdminUsers,2,UNDECIDED,,,PLACEHOLDER,src/app/(admin)/admin/users/page.tsx,REFERENCE_CANDIDATE_PRESENT,MOCKUP_CLAIM_NOT_PRODUCTION_APPROVAL,LATER,RECONCILE_IN_FIGMA_AND_RECORD_NODE_IDS
admin,/admin/listings,Listing moderation,Listing,P0,Sprint0/set25,DONE,AdminListingModeration,AdminListingModeration,2,UNDECIDED,,,PLACEHOLDER,src/app/(admin)/admin/listings/page.tsx,REFERENCE_CANDIDATE_PRESENT,MOCKUP_CLAIM_NOT_PRODUCTION_APPROVAL,LATER,RECONCILE_IN_FIGMA_AND_RECORD_NODE_IDS
admin,/admin/events,Event administration,Event,P1,Sprint0/set25,DONE,AdminEvents / AdminEventAdministration,AdminEventAdministration | AdminEvents,3,NOT_IN_SCREEN_REGISTRY,,,NOT_IN_SCREEN_REGISTRY,,REFERENCE_CANDIDATE_PRESENT,MOCKUP_CLAIM_NOT_PRODUCTION_APPROVAL,LATER,RECONCILE_IN_FIGMA_AND_RECORD_NODE_IDS
admin,/admin/reports,Reports,Reports,P1,Sprint0/set27,DONE,AdminReportsQueue,AdminReportsQueue,2,NOT_IN_SCREEN_REGISTRY,,,NOT_IN_SCREEN_REGISTRY,,REFERENCE_CANDIDATE_PRESENT,MOCKUP_CLAIM_NOT_PRODUCTION_APPROVAL,LATER,RECONCILE_IN_FIGMA_AND_RECORD_NODE_IDS
admin,/admin/audit-log,Audit log,Audit,P0,Sprint0/set22/56,DONE,AdminAuditLog,AdminAuditLog,2,UNDECIDED,,,PLACEHOLDER,src/app/(admin)/admin/audit-log/page.tsx,REFERENCE_CANDIDATE_PRESENT,MOCKUP_CLAIM_NOT_PRODUCTION_APPROVAL,LATER,RECONCILE_IN_FIGMA_AND_RECORD_NODE_IDS
admin,/admin/moderation,Moderation dashboard,Moderation,P0,set56,PARTIAL,ModerateReport,ModerateReport,2,UNDECIDED,,,PLACEHOLDER,src/app/(admin)/admin/moderation/page.tsx,REFERENCE_CANDIDATE_PRESENT,PARTIAL_OR_SHARED_PATTERN_ONLY,LATER,RECONCILE_IN_FIGMA_AND_RECORD_NODE_IDS
admin,/admin/moderation/reports,Reports queue,Reports,P0,set22/56,DONE,AdminReportsQueue,AdminReportsQueue,2,UNDECIDED,,,PLACEHOLDER,src/app/(admin)/admin/moderation/reports/page.tsx,REFERENCE_CANDIDATE_PRESENT,MOCKUP_CLAIM_NOT_PRODUCTION_APPROVAL,LATER,RECONCILE_IN_FIGMA_AND_RECORD_NODE_IDS
admin,/admin/moderation/appeals,Appeals,Appeals,P0,set22/56,DONE,AdminAppeals,AdminAppeals,2,UNDECIDED,,,PLACEHOLDER,src/app/(admin)/admin/moderation/appeals/page.tsx,REFERENCE_CANDIDATE_PRESENT,MOCKUP_CLAIM_NOT_PRODUCTION_APPROVAL,LATER,RECONCILE_IN_FIGMA_AND_RECORD_NODE_IDS
admin,/admin/approvals,Supply approvals,Supply,P1,set25,PARTIAL,ProductApproval,ProductApproval,2,NOT_IN_SCREEN_REGISTRY,,,NOT_IN_SCREEN_REGISTRY,,REFERENCE_CANDIDATE_PRESENT,PARTIAL_OR_SHARED_PATTERN_ONLY,LATER,RECONCILE_IN_FIGMA_AND_RECORD_NODE_IDS
admin,/admin/finance,Finance overview,Finance,P2,set31/62,DONE,AdminFinanceOverview,AdminFinanceOverview,1,NOT_IN_SCREEN_REGISTRY,,,NOT_IN_SCREEN_REGISTRY,,REFERENCE_CANDIDATE_PRESENT,MOCKUP_CLAIM_NOT_PRODUCTION_APPROVAL,LATER,RECONCILE_IN_FIGMA_AND_RECORD_NODE_IDS
admin,/admin/finance/refunds,Refunds,Refunds,P2,set31/62,DONE,AdminFinanceRefunds,AdminFinanceRefunds,2,NOT_IN_SCREEN_REGISTRY,,,NOT_IN_SCREEN_REGISTRY,,REFERENCE_CANDIDATE_PRESENT,MOCKUP_CLAIM_NOT_PRODUCTION_APPROVAL,LATER,RECONCILE_IN_FIGMA_AND_RECORD_NODE_IDS
admin,/admin/finance/disputes,Disputes,Disputes,P2,set31/62,DONE,AdminFinanceDisputes,AdminFinanceDisputes | DisputeReport,4,NOT_IN_SCREEN_REGISTRY,,,NOT_IN_SCREEN_REGISTRY,,REFERENCE_CANDIDATE_PRESENT,MOCKUP_CLAIM_NOT_PRODUCTION_APPROVAL,LATER,RECONCILE_IN_FIGMA_AND_RECORD_NODE_IDS
admin,/admin/finance/commissions,Commissions,Commissions,P2,set31/62,DONE,AdminFinanceCommissions,AdminFinanceCommissions,2,NOT_IN_SCREEN_REGISTRY,,,NOT_IN_SCREEN_REGISTRY,,REFERENCE_CANDIDATE_PRESENT,MOCKUP_CLAIM_NOT_PRODUCTION_APPROVAL,LATER,RECONCILE_IN_FIGMA_AND_RECORD_NODE_IDS
admin,/admin/finance/payouts,Payouts,Payouts,P2,set31/62,DONE,AdminFinancePayouts,AdminFinancePayouts,2,NOT_IN_SCREEN_REGISTRY,,,NOT_IN_SCREEN_REGISTRY,,REFERENCE_CANDIDATE_PRESENT,MOCKUP_CLAIM_NOT_PRODUCTION_APPROVAL,LATER,RECONCILE_IN_FIGMA_AND_RECORD_NODE_IDS
admin,/admin/finance/invoices,Invoices,Invoices,P2,set31/62,DONE,AdminFinanceInvoices,AdminFinanceInvoices,1,NOT_IN_SCREEN_REGISTRY,,,NOT_IN_SCREEN_REGISTRY,,REFERENCE_CANDIDATE_PRESENT,MOCKUP_CLAIM_NOT_PRODUCTION_APPROVAL,LATER,RECONCILE_IN_FIGMA_AND_RECORD_NODE_IDS
admin,/admin/support,Helpdesk,Helpdesk,P2,set28,DONE,AdminSupport,AdminSupport,2,NOT_IN_SCREEN_REGISTRY,,,NOT_IN_SCREEN_REGISTRY,,REFERENCE_CANDIDATE_PRESENT,MOCKUP_CLAIM_NOT_PRODUCTION_APPROVAL,LATER,RECONCILE_IN_FIGMA_AND_RECORD_NODE_IDS
admin,/admin/settings,Platform settings,Platform,P2,set26,DONE,AdminSettings,AdminSettings,2,NOT_IN_SCREEN_REGISTRY,,,NOT_IN_SCREEN_REGISTRY,,REFERENCE_CANDIDATE_PRESENT,MOCKUP_CLAIM_NOT_PRODUCTION_APPROVAL,LATER,RECONCILE_IN_FIGMA_AND_RECORD_NODE_IDS
admin,/admin/system,System operations,System,P3,set29,DONE,AdminSystem,AdminSystem,2,NOT_IN_SCREEN_REGISTRY,,,NOT_IN_SCREEN_REGISTRY,,REFERENCE_CANDIDATE_PRESENT,MOCKUP_CLAIM_NOT_PRODUCTION_APPROVAL,LATER,RECONCILE_IN_FIGMA_AND_RECORD_NODE_IDS
admin,/admin/privacy,Privacy governance,Privacy,P0,set63,DONE,AdminPrivacyGovernance,AdminPrivacyGovernance,2,UNDECIDED,,,PLACEHOLDER,src/app/(admin)/admin/privacy/page.tsx,REFERENCE_CANDIDATE_PRESENT,MOCKUP_CLAIM_NOT_PRODUCTION_APPROVAL,LATER,RECONCILE_IN_FIGMA_AND_RECORD_NODE_IDS
admin,/admin/analytics,Analytics,Analytics,P2,set27,DONE,AdminAnalytics,AdminAnalytics,2,NOT_IN_SCREEN_REGISTRY,,,NOT_IN_SCREEN_REGISTRY,,REFERENCE_CANDIDATE_PRESENT,MOCKUP_CLAIM_NOT_PRODUCTION_APPROVAL,LATER,RECONCILE_IN_FIGMA_AND_RECORD_NODE_IDS
